Resource,Project_1,Project_2,Project_3,Project_4,Project_5,Project_6,Project_7,Project_8,Project_9,Project_10,Project_11,Project_12,Project_13,Project_14,Project_15,Project_16,Project_17,Project_18,Project_19,Project_20,Project_21,Project_22,Project_23,Project_24,Project_25,Project_26,Project_27,Project_28,Project_29,Project_30,Project_31,Project_32,Project_33,Project_34,Project_35,Project_36,Project_37,Project_38,Project_39,Project_40,Project_41,Project_42,Project_43,Project_44,Project_45,Project_46,Project_47,Project_48,Project_49,Project_50,Project_51,Project_52,Project_53,Project_54,Project_55,Project_56,Project_57,Project_58,Project_59,Project_60,Project_61,Project_62,Project_63,Project_64,Project_65,Project_66,Project_67,Project_68,Project_69,Project_70,Project_71,Project_72,Project_73,Project_74,Project_75
Name_1,,,,,,,,,,,,,,,,,,,,,,,,,,,,,,,,,,,,,,,,,,,,,,,,,,,,,,,,285,,,,,,,,,,,,,,,,,,,
Name_2,,,,,,,,,,,,,,,,,,,,,,,,,,,,,,,,,,,,,,,,,,,,,,,578,,,,,,,,,179,,,,,,,,,,,,,,,,511,,,
Name_3,,,,,,,,,,,,,,,,,,,,,,,,,,,,,,,,,,,,,,,,,,"1,528",,,,,,,,,,,,,,,,,,,,,,,,,,,,,,,,,
Name_4,,,,,,,,,,,,,,,,,,,,,,,,,,,,,,,,,,,,,,,,,,,,,,,,,,,,,,,,,,"1,686",,,,,,,,,,,,,,,,,
Name_5,,,,,,,,,,,,,,,,,,,,,,,,,,,,,,,,,,,,,,,,,,"1,408",,,,,,,,,,,,,,,,,,,,,,,,,,,,,,,,,
Name_6,,,,,688,,,,,,,,,,,,,,,,,,,,,,,,,,,,,,,,,,,,,"1,296",,,,,,,,,,,,,,,,,,,,,,,,,,,,,,,,,
Name_7,,,,,,,,,,,,,,,,,,,,,57,,,,,,,,,,,,,,,,,,,,,,,,,,,,,,826,,,,,,,,,,,,,,,,,434,,,60,,,,
Name_8,,,,,,,,,,,,,,,,,,,,,,,,,,,,,,,,,,,,,,,,,,,,,,,,,,,,,,,,,,"1,295",,,,,,,,,,,,,,,,,
Name_9,,,,,"1,700",,,,,,,,,,,,,,,,,,,,,,,,,,,,,,,,,,,,,48,,,,,,,,,,,,,,,,,,,,,,,,,,,,,,,,,
Name_10,,,,,,,,,,,,,,,,,,,,,,272,,,,,,,,,,,,,,,,,,,,,,,,,,,,,,,,,6,,,,,,,,,,,,,,,,,,,,
Name_11,,,,,,,,,,,,,,,,,,,,,,,,,,,,,,,,,,,,,,,,,,,,,,,,,,,,,,,,"1,396",,,,,,,,,,,,,32,,,,,,
Name_12,,,,,,,,,,,,,,,,,,,73,,,,,,,,,,,,,,,,,,,,,,,,,,,,,,,,585,,,,2,,,28,,,,,,1,,,,,,,,,,,
Name_13,,,,,,,,,,,,,,,,,,,,,,,,,,,,,,,,,,,,,,,,,,"1,808",184,,,,,,,,,,,,,,,,,,,,,,,,,,,,,,,,
Name_14,,,,,,,,,,,,,,,,,,31,,,,,,,,,,61,230,,,,,,,,,,,,,,510,351,,,,,,49,,,,,,,,,,,,,,,,,,,,,,,,,
Name_15,,,,,,,,,,,,,,,,,,,,,,,,,,,,,,,,,,,,,,,169,,,"1,017",241,,,,,,,,,,,,,,,,,,,,,,,,,,,,,,,,
Name_16,,,,,,,,,,,,,,,,,,,,,,,,,,,,,,,,,,,,,,,,,,,,,,,501,,,,21,,,,,10,,,,,,,,,,,,,,,,520,,,
Name_17,,,2,3,,,2,,,,,,,7,,,,,8,,,,,,82,,,,,,,,,,,,,,,,,,,,,,,171,,,2,,17,11,4,32,,,15,302,,,,3,,,4,,,15,2,17,,,
Name_18,,,,,,,,,,,,,,,,,,,,,,,,,,,,,,,,,,,,,,,137,,,"1,883",,,,,,,,,,,,,,,,,,,,,,,,,,,,,,,,,
Name_19,,,,,,,,,,,,,,,,,,,,,,,,,,,,,,,,,,,,,,,,,,,,,,,9,,,,,,,,,,,,,,,,,,,5,,,,,,,,,
Name_20,,,,,,,,,,,,,,,,,,,,,,,,,,,,,,,,,,,,,,,,,,"1,046",,,,,,,,,,,,,,,,,,,,,,,,,,,,,,,,,
Name_21,,,,,,,,,,,,,,,,,,,,,,137,,,3,,,,,,,,,,,,,,,,,,,,,,,,,,5,,,1,,,,,,14,51,,,,,,,,,,,10,1,,
Name_22,,,,,,,,,,,,,,,,,,,,,,,,,,,,,,,,,,,,,,,,,,,,,,,847,,,,19,,,,100,,,,,,,,,,9,,,,,,,,,,
Name_23,,,1,,,,,,,,4,,,,,5,,,14,,,,,,104,11,,,,,,,,,,,,,,,11,,,,,,,,,,1,,,1,,,,,,,1,1,,824,2,1,,,,1,,,,,
Name_24,,,,,,,,,,,,,,,72,,1,,54,,,,,,144,,,,,,,,,,,,,,,,5,,,,,,,1,,,13,,,10,13,,,,2,140,,,,2,5,,,,,2,54,175,,,
Name_25,,,,,,890,,,,,,,,,,,,,,,73,,,,,,,,,,,,,,,142,,,,,,9,,,,,,,,,,,,,,,,,,,,,319,,,,,,,,,,,,
Name_26,,,,,"1,362",,,,,,,,,,,,,,,,,,,,,,,,,,,,,,,,,,,,,151,,,,,,,,,,,,,,,,,,,,,,,,,,,,,,,,,
Name_27,,,,,,,,,,,,,,,,,,,,,,,,,,,,,,,,,,,,,,,,,,,,,,,488,,,,,,,1,,983,,,,,,,,,,1,,,,,,,,,
Name_28,,,,,,,,,,,,,,,,,,,,,,,,,,,,,,,,,,,,,,,,,,"1,442",,,,,,,,,,,,,,,,,,,,,,,,,,,,,,,,,
Name_29,,,,,"1,278",,,,,,,,,,,,,,,,,,,,,,,,,,,,,,,,,,,,,351,,,,,,,,,,,,,,,,,,,,,,,,,,,,,,,,,
Name_30,,,,,263,,,,,,,,,,,,,,,,,,,,,,,,,,,,,,,,,,,,,"1,190",,,,,,,,,,,,,,,,,,,,,,,,,,,,,,,,,
Name_31,,,,,"1,299",,,,,,,,,,,,,,,,,,,,,,,,,,,,,107,22,,,,,,,465,,,,,,,,,,,,,,,,,,,,,,,,,,,,,,,,,
Name_32,,,,,,,,,,,,,,,,,,,,,,,,,,,,,,,,,,,,,,,,,19,"1,466",17,,,,,,,,,,,,,,,,,,,,,,,,,,,,,,,,
Name_33,,,,,"1,212",,,,,,,,,,,,,,,,,,,,,,,,,,,,,,,,,,,,,557,,,,,,,,,,,,,,,,,,,,,,,,,,,,,,,,,
Name_34,,,,2,,,,,,,24,5,,,,,,,8,,,18,,,349,,,,,,,,,,,,,,,,,,,,,,,,,,,,,666,,,,,,15,738,,,160,,,,,,7,,,,,
Name_35,,,,,,,,,,,,,,,,,,,,,,,,,,,,,,,,,,,,,,,,,,,,,,,,,,,,,,,,,,,,,,,,100,,,,,,,,,,,
Name_36,,,,,19,,,,,,,,,,,,,,,,,,,,,,,,,,,,,,,,,,,,,"1,455",25,,,,,,,,,,,,,,,,,,,,,,,,,,,,,,,,
Name_37,,,,,,,,,,,,,,,,,,,,,,,,,,,,,,,,,,,,,,,,,,"1,357",,,,,,,26,,,,,,,,,,,,,,,,,,,,,,,,,,
Name_38,,,,,,,,,,,,,,,,,,,,,,,,,,,,,,,,,6,"1,033",12,,,,,,,,510,88,,,,,16,,,,,,,,,,,,,,,,,,,,,,,,,,
Name_39,,,,,,,,,,,54,,,,,,,,4,,70,,,,,,,,,,,,,,,,,,,,,666,,,,,,,93,,,,,471,,,,,,,,,,,,,,,,,,,,,
Name_40,,,,,,,,,,,,,,,,,,,,,,,,,,,,,,,,,,,,,,,,,,,,,,"1,820",,,,,,,,,,,,,,,,,,,,,,,,,,,,,
Name_41,,,,,,,,,,,,,,,,,,0,,,,,,,,,,,,,,,,,,,,,,,,,34,,,,,,,,,,,,,,,,,,,,,,,,,,,,,,,,
Name_42,,,,,,,,,,,,,,,,,,64,,,111,,,,,,,,,,,,,,,,,,,,,,67,20,,,,,,36,,,,,,,,,,,,,,,,,,,,,,,,,
Name_43,,,,,234,,,,,,,,,,,,,,,,,,,,,,,,,,,,55,63,,,,,,,,82,"1,083",,,,,,,,,,,,,,,,,,,,,,,,,,,,,,,,
Name_44,,,,,,,,,,,,,,,,,,,2,,,,,,,,,,,,,5,,,,,,4,,,,"1,587",,,,,,,,,,,,,,,,,,,,,,,,,,,,,,,,,
Name_45,,,,,,,,,,,,,,,,,,,,,,,,,,,,,,,,,,,,,,,,,,,,,,,,154,,,,,,,,209,,,,,,,,,,,,,,,,,,,
Name_46,,,,,,,,,,,,,,,,,,,,,,,,,,,,,,,,,,,,,,,,,,,,,,"1,820",,,,,,,,,,,,,,,,,,,,,,,,,,,,,
Name_47,,,,,,,,,,,,,,,,,,,4,,,,,,,,,,,,,,,,,,,,,,,,,,,,,260,,,,,2,105,,,,,,937,,,,,,,,,,,,25,,,
Name_48,,,,,436,,,,,,,,,,,,,,,,,,,,,,,,,,,,,,,,,,,,,710,,,,,,,108,,,,,,,,,,,,,,,,,,,,,,,,,,
Name_49,,,,,,,,,,,,,,,,,,,,,,,,,,,,,,,,,,,,,,,,,,,,,,,,,,,,,,,,,,,,,,,,,,,,,,,"1,795",,,,
Name_50,,,,,,,,40,,,,,,,,,,,,,,,,,,,,,,,,,,,,,,,,,,,,,,,,,,,"1,687",,,,,,,,,,,,,,,,,,,,,,,,
Name_51,,,,,,,,,,,,,,,,,,5,,,,,,,,,,,,,,,,,,,,,,,,,,,,,,,,,,,,,,,,,,,,,,,,,,,,,,,,,
Name_52,,,,475,508,,,,,,,,,,,,,,,,,,,,,,,,,,,,,,,,,,,,,,,,,,,,,,,,,36,,,,,,,,,,,,,,,,,,,,,
Name_53,,,,,,,,,,,,,,,,,,,,,,,,,,,,,,,,,,,,,,,,,,,,,,,,,,,,,,,,,,,,,,,,834,,,,,,,,,,,
Name_54,,,,,,,,,,,,,,,,,,,,,,,,,,,,,,,,,,,,,,,,,,206,,,,,,,,,,,,,,,,,,,,,,,,,,,,,,,,,
Name_55,,,,,,,,,1,,,,,,,,,,7,,,,,,,,,,,,,,,,,,,,,,1,,,,,,,,,,,,,"1,020",9,,,,,,,,,,,,,,36,4,,,,,
Name_56,,,,,,,,,,,,,,,,,,,,,,,,,,,,,,,,,,,,,,,,,,"1,485",73,,,,,,,,,,,,,,,,,,,,,,,,,,,,,,,,
Name_57,,,,,,,,,,,,,,,,,,,,,,,,,,,,,,,,,,,,,,,,,,3,,,,,,,,,,,,,,,,,,,,,,,,,,,,,,,,,
Name_58,,,,,,,,,,,,2,,,,,,5,,,,,,,,,,,,,,,,,,,,,,,,,593,41,,,,,,614,,,,,,,,,,,,,,,,,,,,,,,,,
Name_59,,,,,,,,,,,,,,,,,,,,,,,,,,,,,,,,,,,,,,,,,,,,,,,,423,,,,,,37,,815,,,,30,,,,,,,,,35,,,,,,
Name_60,,,,,29,,,,,,,,,,,,,,,,,,,,,,,,,5,,,,,,,,,,,,77,73,,,,,,"1,238",,,,,,,,,,,,,,,1,,,,,,,,,,,
Name_61,,,,,,,,,,,,,,,,,,,,,,,,,,,,,,,,,,,,,,,,,,"1,180",,,,,,,,,,,,,,,,,,,,,,,,,,,,,,,,,
Name_62,,,,,,,,,,,,,,,,,,,,,,,,,,,,,,,,,,,,,,980,,,,,,,,,,,,,,,,,,,,,,,,,,,,,,,,,,,,,
Name_63,,,,,,,,,,,,,,,,,,,21,,,,,,,,,,,,,,,,,,,,,,,,,,,,,374,,,,,,0,,433,,,,74,,,,,,,,,,,,,,,
Name_64,,,,,,,,,,,,,,,,,,,,,,,,,,,,,,,,,,,,,,,,,,,,,,,,68,,,,,,,,139,,,,,,,,,,,,,,,,31,,,
Name_65,,,64,,,,,90,2,,10,,,,,47,,,87,,,,,,25,,,,,,,,,,,,,,,,15,,,,,,,,,,16,,,,,,,,,,,,,29,,,,,,,,,,,
Name_66,,,,,,,,,,,,,,,,,,,,,,,,,,,,,,,,,,,,,,,,,,"1,688",,,,,,,,,,,,,,,,,,,,,,,,,,,,,,,,,
Name_67,,,,,,,,,,,,,,,,,,,,,,,,,,7,,,,,,,,,,,,,,,,,,,,,,,,,,,,,,,,,,,,,,"1,158",,,,1,,,,,,,
Name_68,,,,,,,,,,,,,,,,,,,,,,,,,,,,,,,,,,,,,,,,,,810,,,,,,,194,,,,,173,,,,,,,,,,,,,,,,,,,,,
Name_69,,,,,,,,,,,,,,,,,,,,,,,,,,,,,,,,,,,,,,,,,,,,,,"1,820",,,,,,,,,,,,,,,,,,,,,,,,,,,,,
Name_70,,,3,,,,,,,,,,,,,,,,,,,,,,,,,,,,,,,,,,,,,,,,,,,,,,,,,,,,,,,,,48,,,,,,,43,,,3,,,,,
Name_71,,,280,,,,,,,,,,,,,,,,,,,,,,,,,,,,,,,,,,,,,,7,"1,188",,,,,,,,,,,,,,,,,,,,,,,,,,,,,,,,,
Name_72,,,,,,,,,,,,,,,,,,,2,,7,,,,,8,,,,,,,,,,,,,,,,,,47,,,483,,,,194,,,77,,49,,,,,11,,,134,,175,,,21,26,,35,,,
Name_73,,,,,,,,,,,,,,,,,,,,,,,,,,,,,,,,,,,,,,,,,,,,,,"1,820",,,,,,,,,,,,,,,,,,,,,,,,,,,,,
Name_74,,,,,,,,,,,,,,,,,,,,,,,,,,,,,,,,,,,,,,,,,,"1,175",,,,,,,,,,,,,,,,,,,,,,,,,,,,,,,,,
Name_75,,,,,"1,389",,,,,,,,,,,,,,,,,,,,,,,,,,,,,,,,,,,,,228,,,,,,,,,,,,,,,,,,,,,,,,,,,,,,,,,
Name_76,,,,,,,,7,,,,,,,,,,,,,,,,,,,,,,,,,,,,,,,,,,,,,,,,,,,"1,848",,,,,,,,,,,,,,,,,,,,,,,,
Name_77,,,,,23,,,,,,,,,,,,,,,,,,,,,,,,334,,,,,,,,,,,,,,"1,031",,,,,,,,,,,,,,,,,,,,,,,,,,,,,,,,
Name_78,,,,,,,,,,,,11,,,,,,,,,,,,2,,,,,,,,,,465,,,,,,,,89,274,,,,,,,,,,,,,,,,,,,,,,,,,,,,,,,,
Name_79,,,9,,,,,,,,,,,,,,,,34,,,,,,,,,,,,,,,,,,,,,,,,,,,,,,,,,,,,,,,,,,,,,,,,,,,,,,,,
Name_80,,,,,,,,,,,,,,,,,,,4,,,,,,97,1,,,,,,,,,,,,,,,,,,,,,,,,,,,,,,,,,,,,,,"1,182",,,,1,,,,,,,
Name_81,,,,,,,,,,14,,1,13,,,,,,5,,,,,,,,,,,,,,,,,,,,,,,,,,,,,,,,5,,40,,,23,,,60,120,,,,,,,,,,24,,,,,
Name_82,,,,,,,,,,,,,,,,,,,,,,,,,,,,,,,,,,,,,,,,,,"1,536",31,,,,,,,,,,,,,,,,,,,,,,,,,,,,,,,,
Name_83,,,,,,,,,,,,,,,29,,,,42,,,,3,,43,,,,,,,,,,,,,,,,,,,,,,,,,,,,8,,,,,,,374,,6,,,4,,,,,,,,,,
Name_84,,,,,,,,,,,,,,,,,,,,,,,,,,,,,,,,,,,,,,,,,,,,,,,,,,,,,,,,,,721,352,,,,,,,,,,,,417,,,,
Name_85,,,,,,,,,,,,,,,,,,,,,,,,,,,,,,,,,,124,"1,473",,,,,,,,"2,736",,,,,,,,,,,,,,,,,,,,,,,,,,,,,,,,
Name_86,,,,,,,,,,,,,,,,,,,,,,,,,,,,,,,,,,,,,,,,,,"1,488",,,,,,,2,,,,,,,,,,,,,,,,,,,,,,,,,,
Name_87,,,,,,,,,,,,,,,,,,,,,,,397,,,,,,,,,,,,,,,,,,,,,,,,,,,,,,,,,,,,,,,672,,,,,,,,,,,313,,
Name_88,,,100,,,,,,,,,,,,,,,,,,,,,,,,,,,,,,,,,,,,,,,,,,,,,,,,,,,,,,,,,,,,,,,,,,,,,,,,
Name_89,,,,,,,,,,,,,,,,,,,,,,,,,,,,,,,,,,,,,,,,,,,,,,,,,,,14,,,,,,,,,34,,,,,,,,,,,,,,,
Name_90,,,,,,,,,,,,,,,,,,,,,,,,,,,,,,,,,,,,,,,,,,,,,,,,,,,,,,,,,,,44,"1,458",,,,1,,,,,,,,,,,
Name_91,,,,,,,,,,,,,,,,,,,,,,,,,,,,,,,,,,,,,,,,,,"1,293",,,,,,,79,,,,,85,,,,,,,,,,,,,,,,,,,,,
Name_92,,,,,,,,,,,,,,,,,,,,,,,,,,,,,,,,,,,,,,,,,,,,,,,,,,,,,,,,,,,,"1,514",,,,,,,,,,,,,,,
Name_93,,,,,,,,,,,,,,,,,,,,,,,,,,,,,,,,,,,,,,,,,,767,,,,,,,,,,,,,,,,,,,,,,,,,,,,,,,,,
Name_94,,,,,,,,,,,,,,9,,,,,5,,,,,,,,,,,,,,,,,,,,,,,,,,,,,,,,"1,109",,,,,,,,,,,22,,,,,,,,,,,,,
Name_95,,,,,200,,,,,,,,,,,,,,,,,,,,,,,,,,,,,,,,,,,,,,,,,,,,,,,,,,,,,,,,,,643,,,,,,,,,,,,
Name_96,,,,,,,,,,,,35,,,,,,2,,,,,,,,,,,1,,,,,,,,,,,,,,628,126,,,,,,24,,,,,,,,,,,,,,,,,,,,,,,,,
Name_97,,,,,,,,,,,,,,,,,,,7,,,,,3,,,,,,,,,,6,,,,11,,,61,"1,207",131,,,,,,,,,,49,,,,,,,,,,2,,,,,,,,,,,,
Name_98,,,,,,,,,,,,,,,,,,,,,,,,,,,,,,,,,,,,,,,,,,609,,,,,,,"1,041",,,,,,,,,,,,,,,,,,,,,,,,,,
Name_99,,,,,,,,,,,,,,,,,,,,,,,,,,,,,,,,,,,,,,,,,,"1,514",41,,,,,,,,,,,,,,,,,,,,,,,,,,,,,,,,
Name_100,,,,,,,,,,,,,,,,,,,,,,,,,12,,,,,,,,,,,,,,,,,,,,,,,,,,4,,,5,,,,,,1,"1,500",,,,,,,,,,,,,,
Name_101,,,,,,,,,,,,,,,,,,,8,,,,,,,,,,,,,,,,,,,3,,,,575,,,,,,,,,,,,,,,,,,,,,,,,,,,,,,,,,
Name_102,,,,,,,,,,,,,,,,,,,,,,,,,,,,,,,,,,,,,,,,,,,,,,,,,,,,,,,,,,581,,,,,,,,,,,,,,,,,
Name_103,,,,,,,,,,,,,,,,,,,,,,,,,,,,,,,,,,,,,,16,,,,,,,,,,,,,,,,,,,,,,,,,,,,,,,,,,,,,
Name_104,,,,,,,,,,,,,,,,,,,,,,,,,,,,,,,,,,,,,,,,,,,"1,991",,,,,,,,,,,,,,,,,,,,,,,,,,,,,,,,
Name_105,,,,,,,,,,,,,,,,,,,,,,,,,,,,,,,,,,,,,,,,,,,,,,,,,,,,,,,,,,"1,330",,,,,,,,,,,,,,,,,
Name_106,,,,,,,,,,,2,,,,,,,,,,,26,,,,,,,,,,,,,,,,,,,,,,,,,994,,,,431,,,100,,,,,,,,,,2,,,,,,1,,,,,
Name_107,,,,,,,,,,,,,,,,,,,46,,,,,,,,,,,,,,,,,,,,,,14,,,,,,,38,,,,38,,3,,139,,,,126,,,,,,,,,,58,30,26,,,
Name_108,,,,,543,,,,,,,,,,,,,,,,,,,,,,,,,,,,,,,,,,,,,829,291,,,,,,24,,,,,,,,,,,,,,,,,,,,,,,,,,
Name_109,,,,,,,,,,,,,,144,,,,,,,,,,,,,,,,,,,,,,,,,,,,,,30,,,,,,,,,,,,,244,,,,,,,217,,,,,,,,,,,
Name_110,,,,,,,,,,,,,,,,,,,,,,,,,,,,,,,,,,,,,,,,,,,,,,"1,820",,,,,,,,,,,,,,,,,,,,,,,,,,,,,
Name_111,,,,,,,,,,,,,,,,,,,,,,,,,,,,,,,,,,,,,,,,,,,,,,,,,,,,,,219,,,,,,,109,,,,,,,,,,,,75,,
Name_112,,,,,,,,,,,,,,,,,,,,,,,,,,,,,,,,,,,,,,,,,,"1,668",,,,,,,,,,,,,,,,,,,,,,,,,,,,,,,,,
Name_113,,,2,,,,,,,,,,,,,,,1,,,,,,,,,,,,,,,,,,,,,,,,,875,,,,,,,,,,,29,,,,,,,,,,163,,,,,,,,,,,
Name_114,,,,,,,,,,,,,,,,,,,,,,,,,,,,,,,,,,36,,,,,,,,,795,60,,,,,,523,,,,,,,,,,,,,,,,,,,,,,,,,
Name_115,,,,,,,,,,,,,,,,,,,,,,,,,72,1,,,,,,,,,,,,,,,,,,,,,,,,,,,,,,,,,,,,,,442,,,,,,,,,,,
Name_116,,,,,,,13,,,,,,,,,,,,,,,,,,,,,,,,,,,,,,,,,,,,,,,,311,,,,,219,,,,430,,,,,,,,3,,,,,,38,,659,,,
Name_117,,,,,,,,,,,,,,,,,,,,,,,,,,,,,,,,,,,,,,,,,,,,,,,,,,,,,,,,,,,"1,231",,,,,,,,,,,,,,,,
Name_118,,,486,,,,,,,,,,,,,,,,,,,,,,,,,,,,,,,,,,,,,,,,,,,,,,,,,,,,,,,,,,,,,,,,,,,,,,,,
Name_119,,,,,,,,,,,,,,,,,,,,,,,,,,,,,,,,,,,,,,,,,,,,,,,,,,,,,,,,,,,,,,,,,,,,,,3,"1,623",,,,
Name_120,,,,,14,,,,,,,,,,,,,,21,,,,,,,,,,,,,,,,,,,35,,,226,,,,,,,,3,,,,,,,,,,,,,,,,,,,,,,,,,"1,337",
Name_121,,,,,,,,,,,,,,,,,,,,,,,,,,,,,,,,,,,,,,,,,,4,"1,374",,,,,,,,,,,276,,,,,,,,,,,,,,,,,,,,,
Name_122,,,,,,,,,,,,"1,130",,,,,,30,,,,,,,,,,,,,,,,,,,,,,,,,202,8,,,,,,,,,,,,,,,,,,,,,,,,,,,,,,,
Name_123,,,,,,,,,,,,65,,,,,,40,,,,,,,,,,,,,,,,,,,,,,,,,442,71,,,,,,71,,,,,,,,,,48,,,,,,,18,,,,,,,,
Name_124,,,,,,,,,,,,,,,,,,,,,,,,,,,,,,,,,,,,,,,,,,,,,,,,,,,,,,,,5,,,,713,,,,,,,,,,,,,,,
Name_125,,,,,,,,,,,,,,,,,,,20,,,,,,168,,,,,,,,,,,,,,,,,,,,,,,,,,,,,,,,,,,,,,,"1,094",,,,,,,,,,,
Name_126,3,,13,,,,,,,,,,,,,,,,39,,,,,2,,,49,,,,,,,,,,,,,,,228,,,,,,,542,,,,,74,,,,,,,,,,,,,,,,,,,46,,
Name_127,,,,,,,,,,,,,,,,,,,3,,,,,,,,,,,,,,,,,,,,,,,,,,,,,,,,,2,,1,,72,,,5,967,,,,,2,,23,,,,,,,,
Name_128,,,,,,,,,,,,,,,,,,,,,,,,,,,,,,,,,,,,,,,,,,"1,449",,,,,,,,,,,,,,,,,,,,,,,,,,,,,,,,,
Name_129,,,,,,,,,,,,,,,,,,,,,,,,,,,,,,,,,,,,,,356,,,,,,,,,,,,,,,,,,,,,,,,,,,,,,,,,,,,,
Name_130,,,427,,,,,,,,,,,,,,,,,,,,,,,,,,,,,,,,,,,,,,,,,,,,,,,,,,,,,,,,,,,,,,,,,,,,,,,,
Name_131,,,,,,,,,,,,,,,,,,,,,,,,,,,,,,,,,,,,,,,,,,"1,323",,,,,,,,,,,,,,,,,,,,,,,,,,,,,,,,,
Name_132,,,,,,,,,2,,,,,,,,,,,,,,,,,,,,,,,,,,,,,,,,,,,,,,,,,,657,,,,32,,,160,,,,,,5,,,,,,,,,,,
Name_133,,,,,347,,,,,,,,,,,,,,,,,,,,,,,,,,,,,184,,,,,,,,"1,126",,,,,,,,,,,,,,,,,,,,,,,,,,,,,,,,,
Name_134,,,,,,,,,,,,,,,,,,,,,,,,,,,,,,,,,,,,,,,,,,,,,,,,,,,,,,2,,749,,,,391,,,,,,,,,8,35,46,,,,
Name_135,,,,,,,,,,,,1,,,,,,,,,,,,,40,12,,,,,,,,,,,,,,,,,,,,,442,42,,,290,,,1,134,,,,,5,,,,8,,208,,8,,2,,,,,
Name_136,,,,,,,,,,,,,,,,,,,,,,,,,,,,,,,,,,,,,,,,,,,,,,,,,,,,,,,,47,,,,364,,,,,,,,,,,168,714,,,
Name_137,,,,,,,,,,,,,,,,,,,3,,,,,,,,,,,,,,,,,,,7,1,,,"1,464",118,,,,,,,,,,,,,,,,,,,,,,,,,,,,,,,,
Name_138,,,,,,,,,,,,,,,,,,,,,,,,,,,,,,,,,,,,,,,,,,,,,,,,,,,,,,,,,,,,938,,,,,,,,,,,,,,,
Name_139,,,,,,,,,,,,,,,,,,,,,,,,,,,,,,,,,,,,,,,,,,"1,847",,,,,,,,,,,,,,,,,,,,,,,,,,,,,,,,,
Name_140,,,,,,,,,,,,,,,,,,,,,,,,,,,,,,,,,,,,,,,,,,,,,,,,374,,,,,,,,541,,,,38,,,,,,,,,,,,23,,,
Name_141,,,,,95,,,,,,,,,,,,,,,,,,,,,,,,,,,,,,,,,,,,,742,9,,,,,,,,,,,,,,,,,,,,,,,,,,,,,,,,
Name_142,,,,,,,,,,,,,,,,,,3,,,,,,,,,,,104,,,,,,,,,,,,,,"1,255",23,,,,,,,,,,,,,,,,,,,,,,,,,,,,,,,
Name_143,,,,,,,,,,,,,,,,,,,49,,,,,,,,,,,,,,,,,,,,,,,,,,,,,,,,,,,,,,,,,,,,,,,,,,,,,,,,
Name_144,,,,,,,,,,,,,,,,,,,33,,,,,1,,,,,,,,,,,,,,,3,,,,,,,,,,,,,,,,,,,,,,,,,,,,,,,,,,,,
Name_145,,,,,1,,,,,,,,,,,,,,,,"1,200",,,,,,,,,,,,5,22,,,,,,,,,478,49,2,,,,,,,,,,,,,,,,,,,0,,,,,,,,6,,,
Name_146,,,,816,,,,,,,,,,,,,,,,,,,,,,,,,,,,,,,,,,,,,,167,,,,,,,,,,,,,,,,,,,,,,,,,,,,,,,,,
Name_147,,,"1,960",,,,,,,,,,,,,,,,,,,,,,,,,,,,,,,,,,,,,,,,,,,,,,,,,,,,,,,,,,,,,,,,,,,,,,,,
Name_148,,,,,,,,,,,,,,,,,,,,,,,,,,,,,,,,,,,,,,,,,,,773,8,,,,,,774,,,,,,,,,,,,,,,,,,,,,,,,,
Name_149,,,,,,,,,,,,,,,,,,,,,,,,,,,,,,,,,,171,,,,,,,,,"1,355",,,,,,,,,,,,,,,,,,,,,,,,,,,,,,,,
Name_150,,,,,6,,,,,,,,,,,,,,2,,,,,,,,,,,,,,,,,,,11,,,46,"1,384",,,,,,,89,,,,,,,,,,,,,,,,,,,,,,,,,,
Name_151,,,,,,,,,,,,,,,,,,,,,,,,,,,,,,,,,,,,,,,,,,,,,,,430,,,,,,,,,31,,,,,,,,,,,,,,,,99,,,
Name_152,,,,,,,,,,,,,,,,,,,,,,,,,,,,,,,,,,,,,,,,,,,,,,,,,,,,,,,,763,,,28,700,,,,,,,,,,,,,,,
Name_153,,,,,,,,,,,,,,,,,,,,,,,,,,,,,,,,,,,,,,,,,,"1,649",,,,,,,,,,,,,,,,,,,,,,,,,,,,,,,,,
Name_154,,,507,,,,,,,,,,,,,,,,418,,,,,,,,,,,,,,,,,,,,,,30,,,,,,,,,,,,,,,,,,,,,,4,,,,,,,,,,,,
Name_155,,,,,,,,,,,,,,,,,,,,,,,,,,,,,,,,,,,,,,,,,,,,,,,,175,,,,,,,,,,,,,,,,,,,,,,,,,,,
Name_156,,,,,276,,,,,,,,,,,,,,,,,,,,,,,,,,,,,,,,,,,,,"1,318",,,,,,,,,,,,,,,,,,,,,,,,,,,,,,,,,
Name_157,,,,,,,,,,,8,,,,,,,,,,,,,,,,,,,,,,,,,,,,,,,"1,051",,,,,,,95,,,,,266,,,,,,,,,,,,,,,,,,,,,
Name_158,,,,,"1,301",,,,,,,,,,,,,,,,,,,,,,,,,,,,,,,,,,,,81,270,,,,,,,,,,,,,,,,,,,,,,,,,,,,,,,,,
Name_159,,,,,,,,,,,,,,,,,,,,,,,,,,,,,,,,,,,,,,,,,,,404,11,,,,,,,,,,,,,,,,,,,,,,,,,,,,,,,
Name_160,,,,,,,,,,,,,,,,,,,,,,,,,,,,,,,,,,,,,,,,,,,,,,,,,,,,,,,,,,,,,,582,,,,125,,,,,,,,,
Name_161,,,,,723,,,,,,,,,,,,,,,,,,,,,,,,,,,,,,,,,,,,,885,,,,,,,112,,,,,,,,,,,,,,,,,,,,,,,,,,
Name_162,,,,,,,,,,,,,,,,,,,,,,,,,,,,,,,,,,,,,,,,,146,"1,198",3,,,,,,,,,,,,,,,,,,,,,,,,,,,,,,,,
Name_163,,,,,,,,,,,,,,,,,,,5,,,,,,,,,,,,,,,,,,,,,,,,,,,,,,,,,1,,,,"1,025",,,,,,,,,,,,,,44,1,1,,,
Name_164,,,,,76,,,,,,,,,,,,,,,,,,,,,,,,,,,,,,,,,,,,,,,,,,,,,,,,,,,,,,,,,,18,,,,,,,,,,,,
Name_165,,,"1,119",,,,,2,,,,,,,,,,,,,,,,,,,,,,,,,,,,,,,,,,,,,,,,,,,193,,,,,,,,,17,,,,1,,,,,,,,3,,,
Name_166,,,,,,,,,,,,,,,,,,,,,264,,,,,,,,,,,,,8,,,,,,,,,287,30,,,,,,18,4,,,,,,,,,,,,,,,,,,,,,64,,,
Name_167,,,,,,,,,,,,,,,,,,,10,,,,,,,,,,,,,,,,,,,,,,,,,,,,9,226,,,11,,,,,,,,,512,,,,,,,,,,,,,,,
Name_168,,,,,,,6,,,,,,,,,,,,,,,,,,,,,,,,,,,,,,,,,,,,,,,,,282,,,,28,,,,749,,,,19,,,,,,,,,,,117,177,,,
Name_169,,,,,,,,,,,,,,,,,,,,,,,,,,,,,,,,,,,,,,,,,,"1,019",,,,,,,100,,,,,64,,,,,,,,,,,,,,,,,,,,,
Name_170,,,,,355,,,,,,,,,,,,,,,,,,,,,,,,,,,309,,,,,,,,,,"1,045",,,,,,,,,,,,,,,,,,,,,,,,,,,,,,,,,
Name_171,,,,,,,,,,,,,,,,,,,,,,,,,,,,,,,,,,,,,,,,,,,,,,,,,,,,,,,1,,,,,887,,270,,,,,,,,,,,,,
Name_172,,,,,,,,,,,,,,,,,,,,,,,,,,,,,,,,,,,,,,,,,,,,,,,,373,,,,,,3,,417,,,,165,,,,,,,,,,,1,23,,,
Name_173,,,5,,,,,,,,,,,,,,,,,,,,,1,,,,,,,,14,,,,,,19,,22,,290,,,,,,,"1,029",,,,,,,,,,,,,,11,,,,,,,,,,,,
Name_174,,,,,,,,4,,,,,,,,,,,,,,,,,,,,,,,,,,,,,,,,,,,,,,,423,,,,709,,,29,,,,,,,7,,,,,,,,,,,,,,
Name_175,,,,75,,,,,,,,,,,,,,,,,,,,,,,,,,,,,,,,,,,,,,,,,,,464,,,,2,,,,,32,,,,21,,,,,,,,,,,,791,,,
Name_176,,,,,,,,,,,,,,,,,,,,,,,,,,,,,,,,,,,,,,2,64,,,"1,312",6,,,,,,,,,,,,,,,,,,,,,,,,,,,,,,,,
Name_177,,,,,,,,,,,,,,,,,,,493,,,,,,,,,,,,,,,,,,,,,,2,,,,,,,4,,,,17,,,,1,,,,1,,,,,,,,,,,,70,,,
Name_178,,,,,,,,,,,,,,,,,,,,,,,,,,,,,,,,,,,,,,,,,,,324,17,,,,,,,,,,,,,,,,,,,,,,,,,,,,,,,
Name_179,,,1,,,,,,,,,,,,,,,,1,,,,,,,,,,,,,,,,,,,,,,,,,,,,,,,,1,,,,,,,,,33,,968,,,,,32,,,,,,,,
Name_180,,,,,,,,,,,,,,,,,,,,,,,,,,,,,,,,,,,,,,,,,,,,,,,,562,,,,,,3,,745,,,,27,,,,,,,,,,,,46,,,
Name_181,,,,,,,,,,,,,,,,,,,,,,,,,,,,,,,,,,,,,,,,,,,,,,,,,,,,,,,,,,,,,,,,,,,,,,,,,,"1,142",
Name_182,,,,,,,,,,,,,,,,,,,,,17,,,,,,,,,,,,,,,,,,,,,,,,,,,,,,252,,,,,,,,,,1,,,,,,,,,,,,,,
Name_183,,,,,,,,,,,,,,,,,,,,,,,,,,,,,,,,,,,,,,,,,,,,,,,,154,,,,,,,,178,,,,323,,,,,,,,,,,,,,,
Name_184,,,,,28,,,,,,,,,,,,,,,3,2,,,,,,,,,,,,,118,,,,,,,,,"1,181",107,,,,,31,,,,,,,,,,,,,,,,,,,,,,,,,,
Name_185,,,,,,,,,,,,,,,,,,,,,,,,,,,,,,,,,,,,,,,,,,526,,,,,,,,,,,,,,,,,,,,,,,,,,,,,,,,,
Name_186,,,0,,,,,,,1,,0,,,,5,,,3,,,,,,178,,,,,,,,,,,,,,,,2,,,,,,,,,,0,,,,,,,,,,,,,941,,,,4,,,,,,,
Name_187,,,,,,,,,,,,,,,,,,,1,,,2,,,,,,,,,,,,,,,,,,,,,,,,,,,,,636,,,538,,,,,,1,,1,,1,,,,3,,,,,213,,
Name_188,,,,,,,,,,,,,,,,,,,9,,1,1,,,,,,,,,,,,,,,,,,,1,,,,,,,,,,552,,,,,,,,,,,,,,,,,,,,,763,,,
Name_189,,,,,,,,2,,,,,,,,,,,17,,,,,,,,,,,,,,,,,,,,,,,,,,,,,,,,4,,,,11,,,614,,,,,,,1,,,,,,,,,,
Name_190,,,,,,,,,,,,,,,,,,,,,,,,,,,,,,,,,,,,,,,,,,"1,384",,,,,,,,,,,,,,,,,,,,,,,,,,,,,,,,,
Name_191,,,,,,,,,,,,,,,,,,,50,,,,,,,,,,,,,,,,,,,305,,,,"1,435",,,,,,,,,,,,,,,,,,,,,,,,,,,,,,,,,
Name_192,,,2,,,,,,1,,,,,,5,,,,10,,,,,,75,1,,,,,,,,,,,,,,,,,,,,,,,,,1,,,,6,,,,10,106,4,29,,22,,4,,,,9,1,4,1,,92
Name_193,,,,,,,,,,3,,,,,,,,,,,,,,,,,,,,,,,,,,,,,,,,,,,,,,,,,,,1,,1,,1,,,,,,,,,,,,,,,,,,
Name_194,,,,,,,,,,,,,,,,,,,,,,,,,,,,,,,,,,,,,,,,,,"1,491",1,,,,,,,,,,,,,,,,,,,,,,,,,,,,,,,,
Name_195,,,,,,,,,,,,,,,,,,,,,,,,,,,,,,,,,,,,,,,,,,,92,798,,,,,,31,,,,,,,,,,,,,,,,,496,,,,,,,,
Name_196,,,,,,,,,,,,,,,,,,,,,,,,,,,,,,,,,,,,,,,,,,,,,,,,,,,,,,,,,,,4,,,,,,,,,,,,,,,,
Name_197,,,,,,,,,,,,,,,,,,,,,,,,,,,,,,,43,,,,,,,,,,,"1,219",,,,,,,,,,,,,,,,,,,,,,,,,,,,,,,,,
Name_198,,,,,8,,,,,,,,,,,,,,,1,,,,,,,,,,,,,3,16,,,,,,,,8,"1,911",,12,,,,,,,,,,,,,,,,,,,,,,,,,,,,,,
Name_199,,,,,,,,,,,,,,,,,,,,,,,,,,,,,,,,,,,,,,,,,,"1,206",308,,,,,,,,,,,,,,,,,,,,,,,,,,,,,,,,
Name_200,,,,3,,,,,,,,,,,,,,,4,,,,,,,7,,,,,,,,,,,,,,,,,,,,,167,,,,280,,,,50,,,,,,,,,2,,6,,,,,,4,,,
Name_201,,,,,,,,,,,,,,,,,,,,,,,,,,,,,,,,,,,,,,,,,,,,,,,,,,,,,,,,,,"1,010",,,,,,,,,,,,,,,,,
Name_202,,,,,,,,,,,,,,,,,,50,,,,,,,,,,,49,,,,,,,,,,,,,,591,,,,,,,,,,,,,,,,,,,,,,,,,,,,,,,,
Name_203,,,,,,,,,,,,,,,,,,,,,,,,,,,,,,,,,,,,,,,,,,,7,,,,,,,,,,,,,,,,,,,,,,,,,,,,,,,,
Name_204,,,,,,,,,,,,,,,,,,,12,,,,,,,,,,,,,,,,,,,,,,1,,,,,,,,,,,,,,,,,,,,,,,2,,,,,,,,,,,
Name_205,,,,,,,,,,,,,,,,,,,,,,,,,,,,,,,,,,,,,,,,,,,"1,624",14,,,,,,,,,,,,,,,,,,,,,,,,,,,,,,,
Name_206,,,,,,,,,,,,,,,,,,,,,,,,,,,,,,,,,,,,,,,,,,690,,,,,,,,,,,,,,,,,,,,,,,,,,,,,,,,,
Name_207,,,,,399,,,,,,,,,,,,,,,,,,,1,,,,81,3,,,,,9,,,,,,,,62,81,75,,,,,,,,,,,,,,,,,,,,,,,,,,,,,,,
Name_208,,,,,,,,,,,,,,,,,,,,,,,,,,,,,,,,,,,,,,,,,,,854,21,,,,,,572,,,,,,,,,,2,,,,,,,,,,,,,,,
Name_209,,,,,,,,,,,,,,,,,,,,,,,,,,,,,,,,,,,,,,,,,,"1,013",8,,,,,,48,,,,,,,,,,,,,,,,,,,,,,,,,,
Name_210,,,,,,,,,,,,,,,,,,,4,,,,,6,,,,,,,,,,,,,,,251,,,,,,,,,,,,,,,,,,,,,,,,,,,,,,,,,,,,
Name_211,,,,,226,,,,,,,,,,,,,,,,,,,,,,,,,,,,,,,,,,,,,"1,387",,,,,,,,,,,,,,,,,,,,,,,,,,,,,,,,,
Name_212,,,,"1,933",,,,,,,,,,,,,,,,,,,,,,,,,,,,,,,,,,,,,,,,,,,,,,,,,,,,,,,,,,,,,,,,,,,,,,,
Name_213,,,,,,,,,,,,,,,,,,,,,,,,,,,,,,,,,,,,,,,,,,,,,,,,,,,,,,,,,,,,,,,,,,,,,,,"1,510",,,,
Name_214,,,,,,,,,,,,,,,,,,,,,,,,,,,,,,,,,,,,,,,,,,,877,,,,,,,391,,,,,,,,,,338,,,,,,,,,,,,,,,
Name_215,,,3,,,,,,,,,,,,,,,17,,,,,,,,,,,,,,,,,,,,,,,,,403,39,,,,,,,,,,2,,,,,,,,,,69,,,,,,,,,,,
Name_216,,,,254,,,,,3,,,,,,,,1,,,,,,,,,,,,,,,,,,,,2,,,,,,,,,,2,,,,780,,,,,,,,,,,,,,,,,,,,,,,,
Name_217,,,,,,,,,,,,,,,,,,,,,,,,,,,,,,,,,,,,,,,,,,,,,,,,,,,,,,,,,,,,"1,149",,,,,,,,,,,,,,,
Name_218,,,,,,,,,,,,,,,,,,,,,,,,,,,,,,,,,,,,,,,,,,"1,016",,,,,,,,,,,,,,,,,,,,,,,,,,,,,,,,,
Name_219,,,,,,,,,,,,,,,,,,,,,,,,,,,,,,,,,,67,,,,,,,,,"3,812",,54,,,,345,,,,,,,,,,,,,,,,,,,,,,,,,,
Name_220,,,,,236,,,,,,,,,,,,,,,,,,,,,,,,,,,,,,,,,,,,,28,,,,,,,,,,,,,,,,,,,,,,,,,,,,,,,,,
Name_221,,,,,,,,,,1,,,,,,,,,18,,,,,,106,,,,,,,,,,,,,,,,,,,,,,,,,,,,,343,,,,,133,138,,,,,,,,,,,,,,,
Name_222,,,,,,,,,,,,10,,,,,,,,,,,,,,,,,,,,,,504,,,,,,,,12,120,,,,,,,,,,,,,,,,,,,,,,,,,,,,,,,,
Name_223,,,,,"2,029",,,,,,,,,,,,,,,,,,,,,,,,,,,,,,,,,,,,,25,,,,,,,,,,,,,,,,,,,,,,,,,,,,,,,,,
Name_224,,,,,,,,,,,,,,,,,,,,,,,,,8,,,,,,,,,,,,,,,,41,,,,,,,,,,,,,,,,,,,,,,,346,,,,,,,,,,,
Name_225,,,,,,,,,,,,,,,,,,,,,,,,,,,,,,,,,,,,,,,,,,,,,,,,741,,,,,,,,759,,,,1,,,,,,,,,,,,,,,
Name_226,,,642,,3,,,,,,,,,,,,,,,,,,,,,,,,,,,,,,,,,,,,297,307,158,,,,,,,,,,,39,,,,,,,,,,,,,,,,,,,,,
Name_227,,,,,"1,287",,,,,,,,,,,,,,,,,,,,,,,,,,,,,,,,,,,,,285,,,,,,,,,,,,,,,,,,,,,,,,,,,,,,,,,
Name_228,,,,,,,,,,,,,,,,,,,,,,,,,,,,,,,,,,,,,,,,,,,,,,,,,,,,,,,,,,,,,,,602,,,,,,,,,,,,
Name_229,10,,,,,,,,,,,,,,,,,,,,,,,,,,,,,,,,,,,,,,,,,"1,015",,,,,,,311,,,,,90,,,,,,,,,,,,,,,,,,,,,
Name_230,,,,,,,,,,,,,,,,,,,,,,,,,,,,,,,,,,,,,,,,,,"1,625",,,,,,,,,,,,,,,,,,,,,,,,,,,,,,,,,
Name_231,,,,,,,,,,,,,,,,,,,1,,,,,,,,,,,,,,,,,,,,,,,,,,,,,,,,,,,651,158,,,,,,,,,,,,,,232,,,,,,
Name_232,,,,,,,,16,,,,,,,,,,,3,,,,,,,,,,,,,,,,,,,,,,,,,,,,,,,,98,,,,,,,,,,,,,,,,,,,,,,,,
Name_233,,,,,3,,,,,,,,,,,,,,,,,,,,,,,,,,,,,,,,,,,,,,337,"1,337",3,,,,33,,,,,9,,,,,,,,,,,,,,,,,,,,,
Name_234,,,,,,,,,,,,,,,,,,,,,,,,,,,,,,,,,,,,,439,,,,,,,,,,,,,,,,,,,,,,,,,,,,,,,,,,,,,,
Name_235,,,,,,,,,,,,,,,,,,,,,,,,,,,,,,,,,,,,,,,,,,,,,,,,,,,,,,,1,,,595,,,,,,,,,,,,,,,,,
Name_236,,,,,,,,,,,,,,,,,,,,,,,,,,,,,,,,,,,,,,,,,,"1,386",,,,,,,,,,,,,,,,,,,,,,,,,,,,,,,,,
Name_237,,,,,,,,,,,,,,,,,,,,,,,,,,,,4,19,,,,,1,,,,,,,,,573,36,,,,,2,60,,,,,,,,,,,,,,,,,,,,,,,,,
Name_238,,,,,,,,,,,,,,,,,,,,,,,,,,,,,,,,,,,,,,,,,,"1,590",,,,,,,,,,,,,,,,,,,,,,,,,,,,,,,,,
Name_239,,,,,,,,,,,,,,,,,,,,,,,,,,,,,,,,,,,,,,,,,,500,28,,,,,,"1,030",,,,,,,,,,,,,,,,,,,,,,,,,,
Name_240,,,,,,,,,,,,,,,,,,,,,,,,,,,,,,,,,,,,,,,,23,,"1,512",,,,,,,,,,,,,,,,,,,,,,,,,,,,,,,,,
Name_241,,13,,,,,,,,,,,,,,,,,,,,,,,,,,,,,,,,,,,,,,,,"1,234",,18,,,,,,,,,,,,,,,,,,,,,,,,,,,,,,,
Name_242,,,,,43,,,,,,,,,,,,,,,,,,,,,,,,,,,,,,,,,,,,,371,,,,,,,902,,,,,,,,,,,,,,78,,,,,,,,,,,,
Name_243,,,,,,,,,,,,,,,,,,,,,,,,,,,,,,,,,,,,,,,,,,,948,92,,,,,,,,,,,,,,,,,,,,,,,,,,,,,,,
Name_244,,,,,,,,,,,,,,,,,,,,,,,,,,,,,,,,,,,,,,,,,,"1,686",,,,,,,,,,,,,,,,,,,,,,,,,,,,,,,,,
Name_245,,,1,,,,,,,,,,,,,,,,3,,,,38,,,,,,,,,,,,,,,,,,7,,,,,,,,,,901,,,,,,,,,1,1,93,,6,,2,,5,,,10,,20,,
Name_246,,,,,,,,,,,,,,,,,,,,,,,,,,,,,,,,,,,,,,,,,,,,,,,780,,,,,,,,,,,,,,,,,,,,,,,,,,,,
Name_247,,,,,,,,,,,,,,,,,,,2,,,,,,,,,,,,,,,,,,,,,,,,,2,,,,,,,,,,,,1,,,,"1,380",,,,,,1,,,,,,,,,
Name_248,,,,,,,,6,,,,,,,,,,,3,,,,,,,,,,,,,,,,,,,,,,,,,1,,,,,,,45,,,,11,,,,,,1,,,,,,,,1,1,,,,,
Name_249,,,,,,,,,,,,,,,,,,,,,,,,,,,,,,,,,,2,,,,,,,,"1,356",105,,,,,,,,,,,,,,,,,,,,,,,,,,,,,,,,
Name_250,,,,,933,,,,,,,,,,,,,,3,,,,,,,,,,,,,,,,,,,,,,,341,,,,,,,3,,,,,,,,,,,,,,,,,,,,,,,,,,
Name_251,,,,,249,,,,,,,,,,,,,,,,,,,,,,,,,,,,,,,,,,,,,820,,,,,,,,,,,,,,,,,,,,,,,,,,,,,,,,,
Name_252,,,,,,,,,,,,,,,,,,,,,,,,,,124,,,,,,,,,,,,,,,,,,,,,558,,,,217,,,,,,,,,,,,,,,279,,,,,,,,,
Name_253,,,,,,,,,,,,,,,,,,40,,,,,,,,,,,13,,,,,,,,,,,,,,190,45,,,,,,265,,,,,,,,,,,,,1,,,,,,,,,,,,
Name_254,,,,,,,,,,,,,,,,,,,,,,,,,,,,,,,,,,,,,,,,,,,,,,,,,,,,,,,,,,683,,,,,,,,,,,,,,,,,
Name_255,,,,,,,,,,,,,,,,,,,,,,,,,,,,,,,,,,,,,,,,,,,49,429,,,,,,32,,,,,,,,,,,,,,,,,676,,,,,,,,
Name_256,,,,,,,,,,,,,,,,,,,,,,,,,,,,,,,,,,,,,,,,,,,,,,,,,,,7,,,,,,,,,,,,,,,,,,,,,"1,427",14,,
Name_257,,,,,211,,,,,,,,,,,,,,465,,,,,,,,,,,,,,,,,87,,,,,,,,,,,,,,,,,,,,,,,,,,,,,,,,,,,,,,,
Name_258,,,,,,,,,,,,,,,,,,,,,,,,,,,,,,,,,,,,,,,,,35,,181,16,,,,,,,,,,,,,,,,,,,,,,,,,,,,,,,
Name_259,,,,,,,,,,,,,,,,,,,,,,,,,,,,,,,,,,,,,,13,58,,,667,,,,,,,,,,,,,,,,,,,,,,,,,,,,,,,,,
Name_260,,5,,,,,,,,,,,,,,,,,,,,,,,,,,,,,,,,,,,,,,,,"1,591",1,,,,,,7,,,,,3,,,,,,,,,,,,,,,,,,,,,
Name_261,,,,,,,,,,,,,,,,,,,,,,,,,,,,,,,,,,,,,,,,,,349,,,,,,,,,,,,,,,,,,,,,,,,,,,,,,,,,
Name_262,,,,,,,,,,,,,,,,,,,,,,,,,,,,,,,,,,,,,,,,,,,283,,,,,,,,,,,,,,,,,,,,,,,,,,,,,,,,
Name_263,,,,,"1,239",,,,,,,,,,,,,,,,,,,,,,,,,,,,,,,,,,,,,,,,,,,,,,,,,,,,,,,,,,,,,,,,,,,,,,
Name_264,,,,,578,,,,,,,,,,,,,,,,,,,,,,,,,,,,,,,,,,,,,112,,,,,,,96,,,,,,,,,,,,,,,,,,,,,,,,,,
Name_265,,,,,,,,,,,,,,,,,,2,,,,,,,,,,,,,,,,,,,,,,,,,,,,,,,,,,,,,,,,,,,,,,,,,,,,,,,,,
Name_266,,,,,,,,,,,,,,,,,,,,,,,,,,,,,,,,,,,,,,,,,,"1,379",,,,,,,,,,,,,,,,,,,,,,,,,,,,,,,,,
Name_267,,,,,176,,,,,,,,,,,,,,,,,,,,,,,,,,,,,,,,,,,,,,,,,,,,,,,,,,,,,,,,,,,,,,,,,,,,,,
Name_268,,,,,,,,,,,2,,,,,,,,,,,,,,,,,,,,,,,,,,,,,,,146,,,,,,,34,,,,,,,,,,,,,,,,,,,,,,,,,,
Name_269,,,,,,,,,,,,,,,,,,,12,,,,,,,,,,,,,,,,,,,10,,,,525,140,,,,,,,,,,,,,,,,,,,,,,,,,,,,,,,,
Name_270,,,,,,,,,,,,,,,,,,,,,,,,,,,,,,,,,,,,,,,,,,,,,,,,,,,"1,697",,,,,,,,,25,,4,,,,,,,,,,,3,,
Name_271,,,,,18,,,,,,,,,,,,,,,2,28,,,,,,,,,,,,7,,2,,,,,,,10,"1,059",81,15,,,,,,1,,,,,,,,,,,,,,,,,,,,,,,,
Name_272,,,,,73,,,,,,,,,,,,,,,,,,,,,,,,,,,,,78,,,,,,,,,"1,283",27,5,,,,,,,,,17,,,,,,,,,,12,,,51,,,,,,,,
Name_273,,,,,,,,,,,,,,,,,,,,,,,,,,,,,,,,,,,,,,,,,,"1,344",295,,,,,,,,,,,,,,,,,,,,,,,,,,,,,,,,
Name_274,,,,,,,,,,,,,,,,,,,,,,,,,,,,,,,,,,,,,,,,,,"1,350",,,,,,,,,,,,,,,,,,,,,,,,,,,,,,,,,
Name_275,,,,,,,,,,,,,,,,,,,,,,,,,,,,,,,,,,,,,,,,,,,,,,,,,,,,,6,,,196,,,,"1,467",,,,,,,,,,,,,,,
Name_276,,,,,,,,,,,,,,,,,,,1,,,,,,6,,,,,,,,,,,,,,,,,,,,,,,,,,,,,,,,,,99,"1,056",,,,,,1,,,,2,,,,,
Name_277,,,,,,,,,,,,,,,,,,,,,,,,,,,,,,,,,,,,,,,,,,,,,,,,,,,,,,,,,,,,,,,,,,,,,,,,,,977,
Name_278,,,2,,,,,,,,,25,,,,,,6,,,,,,,,,,,,,,,,,,,,,,,,,44,,,,,,,,,,,,,,,,,,,,,359,,,,,,,,,,,
Name_279,,,,,,,,,,,,,,,,,,,,,,,,,,,,,,,,,,485,,,,,,,,,"1,029",23,,,,,,,,,,,,,,,,,,,,,,,,,,,,,,,
Name_280,,,,,,,,,,,,,,,,,,,,,,,,,,,,,,,,,,,,,,,,,,"1,610",,,,,,,,,,,,,,,,,,,,,,,,,,,,,,,,,
Name_281,,,11,,,,,,,,,,,122,,,3,,47,,,,,,,,,,,,,,,,,,,,,,,,,,,,,,,,,,,,,,,,,171,,,,,,,,,,12,,,,,
Name_282,,,,,,,,,,,,,,,,,,,,,,,,,,,,,127,,,,,,,,,,,,,,391,,,,,,,,,,,,,,,,,,,,,,,,,,,,,,,,
Name_283,,,,,,,,,,,,369,,,,,,19,,,,,,,,,,,,,,,,,,,,,,,,,603,,,,,,,,,,,,,,,,,,,,,,,,,,,,,,,,
Name_284,,,,,,,,,,,,,,,,,,,,,,,,,,,,,,,,,,,,,,,,,,,,,,,,,,,,,,,,,,,,,,,,,,,,,,,,,312,,
Name_285,,,,,,,,3,,,,,,,,,,,,,,,,,,,,,,,,,,,,,,,,,,,,,,,,,,,,,,,10,,,587,,,,,,,,,,,,,,,,,
Name_286,,,,,47,,,,,,,,,,,,,,,,,,,,,,,,,,,,,,,,,15,,,,"1,019",,,,,,,2,,,,,,,,,,,,,,,,,,,,,,,,,,
Name_287,,,,,,,,,,,,,,,,,,,,,,,,,,,,,,,,,,,,,,,,,,712,,,,,,,,,,,,,,,,,,,,,,,,,,,,,,,,,
Name_288,,,,,,,,,,,,,,,,,,,10,,,,,,,,,,,,,,,,,,,,,,,,,,,,,,,,,,,,,,,,,"1,499",,,,,,,,,,,,,,,
Name_289,,,6,,,,0,,,16,1,,,,,25,,,10,,,,,,183,16,,,,,,,,,,,,,,,4,,,,,,,18,,,1,1,3,41,,,,,8,29,,,,30,5,,,,,11,16,29,,,8
Name_290,,,,,340,,,,,,,,,,,,,,,,,,,,,,,,,,,,,,,,,,,,,"1,660",,,,,,,,,,,,,,,,,,,,,,,,,,,,,,,,,
Name_291,,,,,,,,,,,,,,,,,,,9,,,,,,,2,,,,,,,,,,,,,,,,,,8,,,,,,,,,,,,,,,,,,,,858,,,,,,,,,,,
Name_292,,,,,,,,,,,,,,,,,,,,,,,,,,,334,,,,,,,,,,,,,,,806,,,,,,,,,,,,,,,,,,,,,,,,,,,,,,,,,
Name_293,,,,,,,,,,,,,,,,,,,6,,,,,,,,,,,,,,,,374,,,,,,,,730,34,,,,,40,,,,,,,,,,,,,,,,,,,28,,,,,,,
Name_294,,,,,,,,,,,,,,,,,,,,,,,,,,,,,,,,,,,,,,,,,,,,,,,,33,,,,,,,,37,,,,,,,,,,,,,,,,,,,
Name_295,,,,,,,,,,,,,,,,,,,,,,,,,,,,,,,,,,,,,,,,,,,,,,,,676,,,3,,,,,327,,14,,7,,,,,,,,,,,5,,,,
Name_296,,,,,,,,,,,,,,,,,,,,,,,,,,,,,,,,,,,,,,,,,,,,,,,,,,,,,,,,,,"1,050",,,,,,,,,,,,,,,,,
Name_297,,,,,,,,,,,,,,,,,,,,,,,,,,,,,,,,,,,,,,,,,,,,,,,,,,,,,,,,,,380,,,,,,,,,,,,,,,,,
Name_298,,,,,696,,,,,,,,,,,,,,,,,,,,,,,,,,,,,,,,,,,,,,,,,,,,,,,,,,,,,,,,,,,,,,,,,,,,,,
Name_299,,,,,1,,,,,,,,,,,,,,,,,,,,,,,,,,,,4,43,214,,,14,1,,,,985,50,7,,,,24,37,,,,,,,,,,,,,,,,,,,,,,,,,
Name_300,,,,,,,,,,,,,,,,,,,,,,,,,,,,,,,,,,,,,,,,,,,,,,"1,820",,,,,,,,,,,,,,,,,,,,,,,,,,,,,
Name_301,,,,,,,,,,,,,,,,,,,,,,,,,,,,,,,,,,,,,,,,,,,,,,,,,,,208,,,,,,,,,2,,4,,,,,,3,,,,,50,,
Name_302,,,,72,,,,,,,,,,,,,,,,,,6,,,,,,,,,,,,,,,,,,,,,,,,,459,,,,136,,,,,,,,,,,,,1,,89,,2,,,,,,,
Name_303,,,,,,,,,,,,,,,,,,,,,,,,,,,276,,,,,,,,,,,,,,,"1,166",38,,,,,,,,,,,,,,,,,,,,,,,,,,,,,,,,
