Split,Split_Values,Variable,Variable_Values,Policy_Count,Pct_pol_Cnt,FULL_PAY_Count,RBO_Count,NFO_Count,FULL_PAY_RATIO,RBO_RATIO,NFO_RATIO,Description,Source,Ranking_NFO,Ranking_RBO,FULL_PAY_Rel,RBO_Rel,NFO_Rel
ALL,ALL,POLICYHOLDER_AGE,(08):75<-78,"34,405",12%,"30,871","2,453","1,081",90%,7.10%,3.10%,Policy holder age,Internal - Static Policy,H,H,-1.70%,18%,17%
CUM_RATE_INCR_SPLIT,20-40,POLICYHOLDER_AGE,(08):75<-78,"8,849",11%,"7,766",730,353,88%,8.20%,4.00%,Policy holder age,Internal - Static Policy,H,H,-2.20%,17%,22%
DECISION_SPLIT,ALL,POLICYHOLDER_AGE,(08):75<-78,"34,405",12%,"30,871","2,453","1,081",90%,7.10%,3.10%,Policy holder age,Internal - Static Policy,H,H,-1.70%,18%,17%
IFA_GROUP_STATE_PROD_SPLIT,FULLAPPROVALW/PHASES,POLICYHOLDER_AGE,(08):75<-78,"13,492",12%,"12,528",685,279,93%,5.10%,2.10%,Policy holder age,Internal - Static Policy,H,H,-0.80%,15%,2.50%
INCOME_SPLIT,"$125,000+",POLICYHOLDER_AGE,(08):75<-78,"9,726",9.00%,"8,802",669,255,90%,6.90%,2.60%,Policy holder age,Internal - Static Policy,H,H,-2.40%,26%,41%
CUM_RATE_INCR_SPLIT,20-40,POLICYHOLDER_AGE,(09):78<-81,"5,950",7.40%,"5,107",574,269,86%,9.60%,4.50%,Policy holder age,Internal - Static Policy,H,H,-4.30%,37%,38%
INCOME_SPLIT,"$100,000-$124,999",POLICYHOLDER_AGE,(07):73<-75,"4,830",11%,"4,376",338,116,91%,7.00%,2.40%,Policy holder age,Internal - Static Policy,H,H,-0.70%,11%,-3.80%
INCOME_SPLIT,"$40,000-$59,999",POLICYHOLDER_AGE,(07):73<-75,"2,550",11%,"2,307",154,89,90%,6.00%,3.50%,Policy holder age,Internal - Static Policy,H,H,0.80%,-5.50%,-8.90%
INCOME_SPLIT,"$125,000+",POLICYHOLDER_AGE,(09):78<-81,"5,310",4.90%,"4,772",408,130,90%,7.70%,2.40%,Policy holder age,Internal - Static Policy,H,H,-3.00%,41%,31%
RATE_INCR_SPLIT,>=25,POLICYHOLDER_AGE,(07):73<-75,"6,577",9.90%,"5,368",876,333,82%,13%,5.10%,Policy holder age,Internal - Static Policy,H,H,-2.80%,20%,2.70%
STATE_SPLIT,IL,POLICYHOLDER_AGE,(07):73<-75,"1,673",12%,"1,572",74,27,94%,4.40%,1.60%,Policy holder age,Internal - Static Policy,H,H,0.10%,3.20%,-10%
STATE_SPLIT,TX,POLICYHOLDER_AGE,(08):75<-78,"1,228",11%,990,166,72,81%,14%,5.90%,Policy holder age,Internal - Static Policy,H,H,-3.70%,18%,21%
AGE_SPLIT,>66,POLICYHOLDER_AGE,(09):78<-81,"3,775",13%,"3,254",363,158,86%,9.60%,4.20%,Policy holder age,Internal - Static Policy,H,H,-0.80%,16%,-14%
AGE_SPLIT,52-54,POLICYHOLDER_AGE,(08):75<-78,2,0.00%,1,1,0,50%,50%,0.00%,Policy holder age,Internal - Static Policy,H,H,-46%,911%,-100%
INCOME_SPLIT,"$75,000-$99,999",POLICYHOLDER_AGE,(07):73<-75,"5,934",11%,"5,390",391,153,91%,6.60%,2.60%,Policy holder age,Internal - Static Policy,H,H,-0.20%,7.50%,-11%
RATE_INCR_SPLIT,<25,POLICYHOLDER_AGE,(07):73<-75,"23,334",10%,"21,692","1,184",458,93%,5.10%,2.00%,Policy holder age,Internal - Static Policy,H,H,-0.50%,12%,-2.50%
STATE_SPLIT,CA,POLICYHOLDER_AGE,(07):73<-75,"2,114",7.20%,"1,917",142,55,91%,6.70%,2.60%,Policy holder age,Internal - Static Policy,H,H,-2.50%,36%,27%
RATE_INCR_SPLIT,<25,POLICYHOLDER_AGE,(09):78<-81,"17,810",7.90%,"16,337",996,477,92%,5.60%,2.70%,Policy holder age,Internal - Static Policy,H,H,-1.90%,24%,33%
STATE_SPLIT,TX,POLICYHOLDER_AGE,(09):78<-81,896,8.30%,688,143,65,77%,16%,7.30%,Policy holder age,Internal - Static Policy,H,H,-8.30%,39%,50%
STATE_SPLIT,OTHERS,POLICYHOLDER_AGE,(09):78<-81,"18,094",8.60%,"16,113","1,343",638,89%,7.40%,3.50%,Policy holder age,Internal - Static Policy,H,H,-2.50%,25%,29%
AGE_SPLIT,56-58,POLICYHOLDER_AGE,(08):75<-78,8,0.00%,7,1,0,88%,13%,0.00%,Policy holder age,Internal - Static Policy,H,H,-4.70%,109%,-100%
RATE_INCR_SPLIT,>=25,POLICYHOLDER_AGE,(09):78<-81,"5,549",8.40%,"4,413",790,346,80%,14%,6.20%,Policy holder age,Internal - Static Policy,H,H,-5.30%,29%,27%
INCOME_SPLIT,"LESSTHAN$40,000",POLICYHOLDER_AGE,(09):78<-81,"2,855",14%,"2,478",223,154,87%,7.80%,5.40%,Policy holder age,Internal - Static Policy,H,H,-1.80%,13%,15%
STATE_SPLIT,CA,POLICYHOLDER_AGE,(09):78<-81,"1,176",4.00%,"1,043",92,41,89%,7.80%,3.50%,Policy holder age,Internal - Static Policy,H,H,-4.70%,59%,70%
AGE_SPLIT,>66,POLICYHOLDER_AGE,(08):75<-78,217,0.70%,187,25,5,86%,12%,2.30%,Policy holder age,Internal - Static Policy,H,H,-0.80%,40%,-52%
CUM_RATE_INCR_SPLIT,0-20,POLICYHOLDER_AGE,(08):75<-78,"9,150",12%,"8,311",602,237,91%,6.60%,2.60%,Policy holder age,Internal - Static Policy,H,H,-1.60%,23%,12%
INCOME_SPLIT,"$60,000-$74,999",POLICYHOLDER_AGE,(09):78<-81,"2,993",11%,"2,649",236,108,89%,7.90%,3.60%,Policy holder age,Internal - Static Policy,H,H,-1.70%,17%,12%
IFA_GROUP_STATE_PROD_SPLIT,OTHERTHANFULLAPPROVAL,POLICYHOLDER_AGE,(09):78<-81,"12,658",7.60%,"11,104","1,055",499,88%,8.30%,3.90%,Policy holder age,Internal - Static Policy,H,H,-3.60%,34%,41%
GENDER_SPLIT,Female,POLICYHOLDER_AGE,(08):75<-78,"15,608",11%,"14,060","1,077",471,90%,6.90%,3.00%,Policy holder age,Internal - Static Policy,H,H,-1.80%,22%,15%
INCOME_SPLIT,"$75,000-$99,999",POLICYHOLDER_AGE,(09):78<-81,"4,930",9.40%,"4,384",376,170,89%,7.60%,3.40%,Policy holder age,Internal - Static Policy,H,H,-2.30%,24%,19%
INCOME_SPLIT,"$100,000-$124,999",POLICYHOLDER_AGE,(09):78<-81,"3,351",7.60%,"3,014",242,95,90%,7.20%,2.80%,Policy holder age,Internal - Static Policy,H,H,-1.40%,15%,14%
IFA_GROUP_STATE_PROD_SPLIT,FULLAPPROVAL,POLICYHOLDER_AGE,(09):78<-81,"1,229",8.70%,906,243,80,74%,20%,6.50%,Policy holder age,Internal - Static Policy,H,H,-5.00%,23%,2.40%
GENDER_SPLIT,Shared,POLICYHOLDER_AGE,(08):75<-78,"5,958",16%,"5,198",567,193,87%,9.50%,3.20%,Policy holder age,Internal - Static Policy,H,H,-1.00%,6.30%,9.10%
GENDER_SPLIT,Female,POLICYHOLDER_AGE,(09):78<-81,"10,338",7.00%,"9,258",720,360,90%,7.00%,3.50%,Policy holder age,Internal - Static Policy,H,H,-2.40%,24%,33%
IFA_GROUP_STATE_PROD_SPLIT,FULLAPPROVAL,POLICYHOLDER_AGE,(08):75<-78,"1,830",13%,"1,381",308,141,75%,17%,7.70%,Policy holder age,Internal - Static Policy,H,H,-2.70%,4.90%,21%
CUM_RATE_INCR_SPLIT,0-20,POLICYHOLDER_AGE,(09):78<-81,"6,391",8.60%,"5,726",438,227,90%,6.90%,3.60%,Policy holder age,Internal - Static Policy,H,H,-3.00%,28%,54%
INCOME_SPLIT,"$100,000-$124,999",POLICYHOLDER_AGE,(08):75<-78,"5,276",12%,"4,736",395,145,90%,7.50%,2.70%,Policy holder age,Internal - Static Policy,H,H,-1.60%,19%,10%
DECISION_SPLIT,ALL,POLICYHOLDER_AGE,(09):78<-81,"23,359",8.00%,"20,750","1,786",823,89%,7.60%,3.50%,Policy holder age,Internal - Static Policy,H,H,-2.70%,27%,32%
ALL,ALL,POLICYHOLDER_AGE,(09):78<-81,"23,359",8.00%,"20,750","1,786",823,89%,7.60%,3.50%,Policy holder age,Internal - Static Policy,H,H,-2.70%,27%,32%
AGE_SPLIT,56-58,POLICYHOLDER_AGE,(09):78<-81,1,0.00%,0,1,0,0.00%,100%,0.00%,Policy holder age,Internal - Static Policy,H,H,-100%,2.00E+01,-100%
AGE_SPLIT,60-62,POLICYHOLDER_AGE,(09):78<-81,28,0.10%,24,3,1,86%,11%,3.60%,Policy holder age,Internal - Static Policy,H,H,-4.80%,51%,23%
INCOME_SPLIT,"$75,000-$99,999",POLICYHOLDER_AGE,(08):75<-78,"7,121",14%,"6,389",499,233,90%,7.00%,3.30%,Policy holder age,Internal - Static Policy,H,H,-1.40%,14%,13%
AGE_SPLIT,49-52,POLICYHOLDER_AGE,(09):78<-81,1,0.00%,0,1,0,0.00%,100%,0.00%,Policy holder age,Internal - Static Policy,H,H,-100%,2.00E+01,-100%
INCOME_SPLIT,UNKNOWN,POLICYHOLDER_AGE,(08):75<-78,"1,603",10%,"1,442",110,51,90%,6.90%,3.20%,Policy holder age,Internal - Static Policy,H,H,-1.50%,17%,12%
IFA_GROUP_STATE_PROD_SPLIT,FULLAPPROVALW/PHASES,POLICYHOLDER_AGE,(09):78<-81,"9,472",8.70%,"8,740",488,244,92%,5.20%,2.60%,Policy holder age,Internal - Static Policy,H,H,-1.40%,17%,28%
STATE_SPLIT,PA,POLICYHOLDER_AGE,(09):78<-81,"1,740",6.80%,"1,546",146,48,89%,8.40%,2.80%,Policy holder age,Internal - Static Policy,H,H,-2.20%,26%,9.30%
STATE_SPLIT,OTHERS,POLICYHOLDER_AGE,(08):75<-78,"26,576",13%,"23,927","1,815",834,90%,6.80%,3.10%,Policy holder age,Internal - Static Policy,H,H,-1.40%,15%,15%
STATE_SPLIT,CA,POLICYHOLDER_AGE,(08):75<-78,"2,049",6.90%,"1,844",147,58,90%,7.20%,2.80%,Policy holder age,Internal - Static Policy,H,H,-3.20%,46%,38%
STATE_SPLIT,PA,POLICYHOLDER_AGE,(08):75<-78,"2,838",11%,"2,499",247,92,88%,8.70%,3.20%,Policy holder age,Internal - Static Policy,H,H,-3.10%,31%,28%
RATE_INCR_SPLIT,<25,POLICYHOLDER_AGE,(08):75<-78,"26,469",12%,"24,397","1,458",614,92%,5.50%,2.30%,Policy holder age,Internal - Static Policy,H,H,-1.40%,22%,15%
INCOME_SPLIT,"LESSTHAN$40,000",POLICYHOLDER_AGE,(08):75<-78,"3,208",16%,"2,806",255,147,87%,7.90%,4.60%,Policy holder age,Internal - Static Policy,H,H,-1.00%,15%,-2.40%
INCOME_SPLIT,"LESSTHAN$40,000",POLICYHOLDER_AGE,(07):73<-75,"2,041",10%,"1,797",151,93,88%,7.40%,4.60%,Policy holder age,Internal - Static Policy,H,H,-0.40%,6.90%,-3.00%
INCOME_SPLIT,"$60,000-$74,999",POLICYHOLDER_AGE,(08):75<-78,"4,029",15%,"3,615",294,120,90%,7.30%,3.00%,Policy holder age,Internal - Static Policy,H,H,-0.30%,7.90%,-7.50%
IFA_GROUP_STATE_PROD_SPLIT,OTHERTHANFULLAPPROVAL,POLICYHOLDER_AGE,(08):75<-78,"19,083",11%,"16,962","1,460",661,89%,7.70%,3.50%,Policy holder age,Internal - Static Policy,H,H,-2.30%,23%,24%
GENDER_SPLIT,Shared,POLICYHOLDER_AGE,(09):78<-81,"4,175",11%,"3,536",474,165,85%,11%,4.00%,Policy holder age,Internal - Static Policy,H,H,-3.80%,27%,33%
CUM_RATE_INCR_SPLIT,40-High,POLICYHOLDER_AGE,(09):78<-81,"11,018",8.10%,"9,917",774,327,90%,7.00%,3.00%,Policy holder age,Internal - Static Policy,H,H,-1.80%,21%,17%
GENDER_SPLIT,Male,POLICYHOLDER_AGE,(08):75<-78,"12,839",12%,"11,613",809,417,90%,6.30%,3.20%,Policy holder age,Internal - Static Policy,H,H,-1.60%,15%,23%
INCOME_SPLIT,UNKNOWN,POLICYHOLDER_AGE,(09):78<-81,"1,124",7.20%,"1,004",86,34,89%,7.70%,3.00%,Policy holder age,Internal - Static Policy,H,H,-2.20%,30%,6.90%
AGE_SPLIT,62-66,POLICYHOLDER_AGE,(08):75<-78,"16,745",43%,"14,972","1,240",533,89%,7.40%,3.20%,Policy holder age,Internal - Static Policy,H,H,0.10%,0.60%,-3.50%
AGE_SPLIT,58-60,POLICYHOLDER_AGE,(08):75<-78,"1,659",4.90%,"1,503",97,59,91%,5.80%,3.60%,Policy holder age,Internal - Static Policy,H,H,-0.20%,-12%,39%
AGE_SPLIT,54-56,POLICYHOLDER_AGE,(08):75<-78,1,0.00%,0,1,0,0.00%,100%,0.00%,Policy holder age,Internal - Static Policy,H,H,-100%,2.00E+01,-100%
STATE_SPLIT,TX,POLICYHOLDER_AGE,(07):73<-75,"1,057",9.70%,858,153,46,81%,14%,4.40%,Policy holder age,Internal - Static Policy,H,H,-3.00%,26%,-10%
STATE_SPLIT,PA,POLICYHOLDER_AGE,(07):73<-75,"2,619",10%,"2,363",181,75,90%,6.90%,2.90%,Policy holder age,Internal - Static Policy,H,H,-0.70%,4.10%,13%
STATE_SPLIT,OTHERS,POLICYHOLDER_AGE,(07):73<-75,"22,448",11%,"20,350","1,510",588,91%,6.70%,2.60%,Policy holder age,Internal - Static Policy,H,H,-0.80%,14%,-4.00%
INCOME_SPLIT,"$125,000+",POLICYHOLDER_AGE,(07):73<-75,"9,972",9.30%,"9,089",683,200,91%,6.80%,2.00%,Policy holder age,Internal - Static Policy,H,H,-1.70%,26%,7.60%
RATE_INCR_SPLIT,<25,POLICYHOLDER_AGE,(06):72<-73,"12,805",5.70%,"11,938",641,226,93%,5.00%,1.80%,Policy holder age,Internal - Static Policy,H,H,-0.20%,11%,-12%
GENDER_SPLIT,Female,POLICYHOLDER_AGE,(07):73<-75,"13,989",9.40%,"12,697",915,377,91%,6.50%,2.70%,Policy holder age,Internal - Static Policy,H,H,-1.10%,16%,2.70%
IFA_GROUP_STATE_PROD_SPLIT,OTHERTHANFULLAPPROVAL,POLICYHOLDER_AGE,(07):73<-75,"16,637",9.90%,"14,949","1,215",473,90%,7.30%,2.80%,Policy holder age,Internal - Static Policy,H,H,-1.30%,18%,1.70%
STATE_SPLIT,OTHERS,POLICYHOLDER_AGE,(06):72<-73,"12,355",5.90%,"11,284",770,301,91%,6.20%,2.40%,Policy holder age,Internal - Static Policy,H,H,0.00%,5.20%,-11%
ALL,ALL,POLICYHOLDER_AGE,(07):73<-75,"29,911",10%,"27,060","2,060",791,90%,6.90%,2.60%,Policy holder age,Internal - Static Policy,H,H,-0.90%,14%,-1.20%
INCOME_SPLIT,"$125,000+",POLICYHOLDER_AGE,(04):68<-70,"14,881",14%,"13,851",797,233,93%,5.40%,1.60%,Policy holder age,Internal - Static Policy,H,H,0.40%,-1.60%,-16%
AGE_SPLIT,>66,POLICYHOLDER_AGE,(07):73<-75,61,0.20%,52,6,3,85%,9.80%,4.90%,Policy holder age,Internal - Static Policy,H,H,-1.90%,19%,1.50%
CUM_RATE_INCR_SPLIT,20-40,POLICYHOLDER_AGE,(07):73<-75,"8,401",10%,"7,478",659,264,89%,7.80%,3.10%,Policy holder age,Internal - Static Policy,H,H,-0.80%,12%,-3.90%
STATE_SPLIT,IL,POLICYHOLDER_AGE,(06):72<-73,780,5.80%,728,39,13,93%,5.00%,1.70%,Policy holder age,Internal - Static Policy,H,H,-0.60%,17%,-7.40%
AGE_SPLIT,54-56,POLICYHOLDER_AGE,(07):73<-75,6,0.00%,6,0,0,100%,0.00%,0.00%,Policy holder age,Internal - Static Policy,H,H,8.10%,-100%,-100%
INCOME_SPLIT,"LESSTHAN$40,000",POLICYHOLDER_AGE,(06):72<-73,921,4.60%,814,70,37,88%,7.60%,4.00%,Policy holder age,Internal - Static Policy,H,H,0.00%,9.80%,-14%
INCOME_SPLIT,"$75,000-$99,999",POLICYHOLDER_AGE,(06):72<-73,"3,285",6.30%,"2,978",215,92,91%,6.50%,2.80%,Policy holder age,Internal - Static Policy,H,H,-0.40%,6.80%,-3.20%
IFA_GROUP_STATE_PROD_SPLIT,FULLAPPROVALW/PHASES,POLICYHOLDER_AGE,(06):72<-73,"6,353",5.80%,"5,947",296,110,94%,4.70%,1.70%,Policy holder age,Internal - Static Policy,H,H,0.10%,5.40%,-14%
IFA_GROUP_STATE_PROD_SPLIT,FULLAPPROVALW/PHASES,POLICYHOLDER_AGE,(07):73<-75,"11,705",11%,"10,934",556,215,93%,4.80%,1.80%,Policy holder age,Internal - Static Policy,H,H,-0.20%,7.40%,-8.90%
INCOME_SPLIT,"$100,000-$124,999",POLICYHOLDER_AGE,(06):72<-73,"2,595",5.90%,"2,345",182,68,90%,7.00%,2.60%,Policy holder age,Internal - Static Policy,H,H,-0.90%,12%,4.90%
IFA_GROUP_STATE_PROD_SPLIT,OTHERTHANFULLAPPROVAL,POLICYHOLDER_AGE,(06):72<-73,"9,433",5.60%,"8,550",652,231,91%,6.90%,2.40%,Policy holder age,Internal - Static Policy,H,H,-0.40%,11%,-12%
AGE_SPLIT,62-66,POLICYHOLDER_AGE,(06):72<-73,226,0.60%,208,16,2,92%,7.10%,0.90%,Policy holder age,Internal - Static Policy,H,H,3.00%,-3.80%,-73%
INCOME_SPLIT,"$125,000+",POLICYHOLDER_AGE,(06):72<-73,"6,021",5.60%,"5,575",353,93,93%,5.90%,1.50%,Policy holder age,Internal - Static Policy,H,H,-0.10%,7.70%,-17%
AGE_SPLIT,>66,POLICYHOLDER_AGE,(06):72<-73,5,0.00%,1,3,1,20%,60%,20%,Policy holder age,Internal - Static Policy,H,H,-77%,627%,313%
GENDER_SPLIT,Female,POLICYHOLDER_AGE,(06):72<-73,"8,032",5.40%,"7,338",503,191,91%,6.30%,2.40%,Policy holder age,Internal - Static Policy,H,H,-0.40%,11%,-9.40%
GENDER_SPLIT,Male,POLICYHOLDER_AGE,(06):72<-73,"5,964",5.80%,"5,464",363,137,92%,6.10%,2.30%,Policy holder age,Internal - Static Policy,H,H,-0.30%,11%,-13%
CUM_RATE_INCR_SPLIT,40-High,POLICYHOLDER_AGE,(05):70<-72,"14,256",11%,"13,171",793,292,92%,5.60%,2.00%,Policy holder age,Internal - Static Policy,H,H,0.80%,-3.80%,-19%
AGE_SPLIT,60-62,POLICYHOLDER_AGE,(06):72<-73,735,2.80%,662,54,19,90%,7.30%,2.60%,Policy holder age,Internal - Static Policy,H,H,0.10%,3.40%,-11%
DECISION_SPLIT,ALL,POLICYHOLDER_AGE,(06):72<-73,"16,569",5.70%,"15,095","1,077",397,91%,6.50%,2.40%,Policy holder age,Internal - Static Policy,H,H,-0.20%,8.00%,-11%
IFA_GROUP_STATE_PROD_SPLIT,FULLAPPROVAL,POLICYHOLDER_AGE,(06):72<-73,783,5.50%,598,129,56,76%,16%,7.20%,Policy holder age,Internal - Static Policy,H,H,-1.60%,2.70%,13%
ALL,ALL,POLICYHOLDER_AGE,(06):72<-73,"16,569",5.70%,"15,095","1,077",397,91%,6.50%,2.40%,Policy holder age,Internal - Static Policy,H,H,-0.20%,8.00%,-11%
STATE_SPLIT,OTHERS,POLICYHOLDER_AGE,(05):70<-72,"21,841",10%,"20,093","1,260",488,92%,5.80%,2.20%,Policy holder age,Internal - Static Policy,H,H,0.70%,-2.70%,-18%
STATE_SPLIT,PA,POLICYHOLDER_AGE,(05):70<-72,"2,701",11%,"2,491",153,57,92%,5.70%,2.10%,Policy holder age,Internal - Static Policy,H,H,1.50%,-15%,-16%
STATE_SPLIT,CA,POLICYHOLDER_AGE,(05):70<-72,"2,881",9.80%,"2,643",168,70,92%,5.80%,2.40%,Policy holder age,Internal - Static Policy,H,H,-1.40%,18%,18%
RATE_INCR_SPLIT,<25,POLICYHOLDER_AGE,(05):70<-72,"23,105",10%,"21,692","1,026",387,94%,4.40%,1.70%,Policy holder age,Internal - Static Policy,H,H,0.50%,-1.90%,-17%
IFA_GROUP_STATE_PROD_SPLIT,OTHERTHANFULLAPPROVAL,POLICYHOLDER_AGE,(05):70<-72,"17,219",10%,"15,722","1,081",416,91%,6.30%,2.40%,Policy holder age,Internal - Static Policy,H,H,0.30%,1.10%,-14%
INCOME_SPLIT,"$100,000-$124,999",POLICYHOLDER_AGE,(05):70<-72,"4,869",11%,"4,478",276,115,92%,5.70%,2.40%,Policy holder age,Internal - Static Policy,H,H,0.80%,-9.70%,-5.40%
INCOME_SPLIT,"$40,000-$59,999",POLICYHOLDER_AGE,(05):70<-72,"2,266",9.80%,"2,069",121,76,91%,5.30%,3.40%,Policy holder age,Internal - Static Policy,H,H,1.70%,-16%,-12%
INCOME_SPLIT,"$75,000-$99,999",POLICYHOLDER_AGE,(05):70<-72,"5,438",10%,"5,015",297,126,92%,5.50%,2.30%,Policy holder age,Internal - Static Policy,H,H,1.40%,-11%,-20%
INCOME_SPLIT,"$125,000+",POLICYHOLDER_AGE,(05):70<-72,"11,581",11%,"10,680",716,185,92%,6.20%,1.60%,Policy holder age,Internal - Static Policy,H,H,-0.50%,14%,-14%
INCOME_SPLIT,"LESSTHAN$40,000",POLICYHOLDER_AGE,(05):70<-72,"1,530",7.60%,"1,360",108,62,89%,7.10%,4.10%,Policy holder age,Internal - Static Policy,H,H,0.60%,2.00%,-14%
INCOME_SPLIT,"$40,000-$59,999",POLICYHOLDER_AGE,(06):72<-73,"1,320",5.70%,"1,188",88,44,90%,6.70%,3.30%,Policy holder age,Internal - Static Policy,H,H,0.20%,4.30%,-13%
IFA_GROUP_STATE_PROD_SPLIT,FULLAPPROVAL,POLICYHOLDER_AGE,(05):70<-72,"1,516",11%,"1,234",219,63,81%,14%,4.20%,Policy holder age,Internal - Static Policy,H,H,4.90%,-10%,-35%
GENDER_SPLIT,Male,POLICYHOLDER_AGE,(05):70<-72,"10,763",10%,"9,952",579,232,92%,5.40%,2.20%,Policy holder age,Internal - Static Policy,H,H,0.60%,-1.70%,-19%
INCOME_SPLIT,"$60,000-$74,999",POLICYHOLDER_AGE,(05):70<-72,"2,741",10%,"2,502",169,70,91%,6.20%,2.60%,Policy holder age,Internal - Static Policy,H,H,1.40%,-8.80%,-21%
CUM_RATE_INCR_SPLIT,40-High,POLICYHOLDER_AGE,(07):73<-75,"14,363",11%,"13,053",936,374,91%,6.50%,2.60%,Policy holder age,Internal - Static Policy,H,H,-0.90%,13%,2.90%
GENDER_SPLIT,Shared,POLICYHOLDER_AGE,(05):70<-72,"4,289",11%,"3,891",317,81,91%,7.40%,1.90%,Policy holder age,Internal - Static Policy,H,H,3.00%,-17%,-36%
DECISION_SPLIT,ALL,POLICYHOLDER_AGE,(05):70<-72,"29,925",10%,"27,473","1,779",673,92%,5.90%,2.20%,Policy holder age,Internal - Static Policy,H,H,0.60%,-1.20%,-16%
STATE_SPLIT,TX,POLICYHOLDER_AGE,(04):68<-70,"1,365",13%,"1,194",129,42,87%,9.50%,3.10%,Policy holder age,Internal - Static Policy,H,H,4.50%,-18%,-36%
CUM_RATE_INCR_SPLIT,20-40,POLICYHOLDER_AGE,(05):70<-72,"8,721",11%,"7,888",591,242,90%,6.80%,2.80%,Policy holder age,Internal - Static Policy,H,H,0.80%,-3.60%,-15%
AGE_SPLIT,58-60,POLICYHOLDER_AGE,(05):70<-72,"3,604",11%,"3,241",282,81,90%,7.80%,2.20%,Policy holder age,Internal - Static Policy,H,H,-0.90%,17%,-12%
AGE_SPLIT,62-66,POLICYHOLDER_AGE,(05):70<-72,225,0.60%,203,12,10,90%,5.30%,4.40%,Policy holder age,Internal - Static Policy,H,H,1.00%,-28%,35%
AGE_SPLIT,56-58,POLICYHOLDER_AGE,(05):70<-72,"17,406",55%,"15,984","1,027",395,92%,5.90%,2.30%,Policy holder age,Internal - Static Policy,H,H,0.00%,-1.30%,1.60%
AGE_SPLIT,>66,POLICYHOLDER_AGE,(05):70<-72,2,0.00%,0,2,0,0.00%,100%,0.00%,Policy holder age,Internal - Static Policy,H,H,-100%,1.00E+01,-100%
AGE_SPLIT,60-62,POLICYHOLDER_AGE,(05):70<-72,554,2.10%,514,32,8,93%,5.80%,1.40%,Policy holder age,Internal - Static Policy,H,H,3.10%,-19%,-50%
AGE_SPLIT,54-56,POLICYHOLDER_AGE,(05):70<-72,"8,127",23%,"7,525",423,179,93%,5.20%,2.20%,Policy holder age,Internal - Static Policy,H,H,0.10%,-4.10%,5.90%
ALL,ALL,POLICYHOLDER_AGE,(05):70<-72,"29,925",10%,"27,473","1,779",673,92%,5.90%,2.20%,Policy holder age,Internal - Static Policy,H,H,0.60%,-1.20%,-16%
AGE_SPLIT,49-52,POLICYHOLDER_AGE,(05):70<-72,2,0.00%,1,1,0,50%,50%,0.00%,Policy holder age,Internal - Static Policy,H,H,-47%,1.00E+01,-100%
STATE_SPLIT,PA,POLICYHOLDER_AGE,(06):72<-73,"1,483",5.80%,"1,334",112,37,90%,7.60%,2.50%,Policy holder age,Internal - Static Policy,H,H,-1.00%,14%,-1.10%
RATE_INCR_SPLIT,>=25,POLICYHOLDER_AGE,(06):72<-73,"3,764",5.70%,"3,157",436,171,84%,12%,4.50%,Policy holder age,Internal - Static Policy,H,H,-0.10%,4.60%,-7.80%
STATE_SPLIT,PA,POLICYHOLDER_AGE,(04):68<-70,"3,245",13%,"2,988",193,64,92%,5.90%,2.00%,Policy holder age,Internal - Static Policy,H,H,1.40%,-10%,-22%
GENDER_SPLIT,Shared,POLICYHOLDER_AGE,(06):72<-73,"2,573",6.70%,"2,293",211,69,89%,8.20%,2.70%,Policy holder age,Internal - Static Policy,H,H,1.20%,-8.40%,-9.60%
STATE_SPLIT,OTHERS,POLICYHOLDER_AGE,(04):68<-70,"26,472",13%,"24,500","1,388",584,93%,5.20%,2.20%,Policy holder age,Internal - Static Policy,H,H,1.30%,-12%,-19%
STATE_SPLIT,IL,POLICYHOLDER_AGE,(04):68<-70,"1,654",12%,"1,573",64,17,95%,3.90%,1.00%,Policy holder age,Internal - Static Policy,H,H,1.30%,-9.80%,-43%
GENDER_SPLIT,Male,POLICYHOLDER_AGE,(04):68<-70,"13,035",13%,"12,138",642,255,93%,4.90%,2.00%,Policy holder age,Internal - Static Policy,H,H,1.30%,-10%,-26%
RATE_INCR_SPLIT,>=25,POLICYHOLDER_AGE,(04):68<-70,"8,350",13%,"7,198",822,330,86%,9.80%,4.00%,Policy holder age,Internal - Static Policy,H,H,2.60%,-11%,-20%
GENDER_SPLIT,Shared,POLICYHOLDER_AGE,(04):68<-70,"4,725",12%,"4,286",332,107,91%,7.00%,2.30%,Policy holder age,Internal - Static Policy,H,H,3.00%,-22%,-24%
IFA_GROUP_STATE_PROD_SPLIT,FULLAPPROVAL,POLICYHOLDER_AGE,(04):68<-70,"1,723",12%,"1,372",251,100,80%,15%,5.80%,Policy holder age,Internal - Static Policy,H,H,2.60%,-9.20%,-8.70%
AGE_SPLIT,56-58,POLICYHOLDER_AGE,(07):73<-75,"2,038",6.50%,"1,869",120,49,92%,5.90%,2.40%,Policy holder age,Internal - Static Policy,H,H,-0.10%,-1.50%,7.60%
INCOME_SPLIT,"LESSTHAN$40,000",POLICYHOLDER_AGE,(04):68<-70,"1,501",7.40%,"1,372",71,58,91%,4.70%,3.90%,Policy holder age,Internal - Static Policy,H,H,3.40%,-32%,-18%
INCOME_SPLIT,"$60,000-$74,999",POLICYHOLDER_AGE,(04):68<-70,"3,175",12%,"2,915",166,94,92%,5.20%,3.00%,Policy holder age,Internal - Static Policy,H,H,2.00%,-23%,-8.00%
INCOME_SPLIT,"$100,000-$124,999",POLICYHOLDER_AGE,(04):68<-70,"5,863",13%,"5,409",336,118,92%,5.70%,2.00%,Policy holder age,Internal - Static Policy,H,H,1.10%,-8.70%,-19%
INCOME_SPLIT,"$75,000-$99,999",POLICYHOLDER_AGE,(04):68<-70,"6,643",13%,"6,142",351,150,92%,5.30%,2.30%,Policy holder age,Internal - Static Policy,H,H,1.60%,-14%,-22%
IFA_GROUP_STATE_PROD_SPLIT,FULLAPPROVALW/PHASES,POLICYHOLDER_AGE,(04):68<-70,"13,645",13%,"12,868",569,208,94%,4.20%,1.50%,Policy holder age,Internal - Static Policy,H,H,0.80%,-5.70%,-24%
INCOME_SPLIT,UNKNOWN,POLICYHOLDER_AGE,(04):68<-70,"1,822",12%,"1,672",118,32,92%,6.50%,1.80%,Policy holder age,Internal - Static Policy,H,H,0.50%,10%,-38%
GENDER_SPLIT,Shared,POLICYHOLDER_AGE,(07):73<-75,"4,803",13%,"4,252",442,109,89%,9.20%,2.30%,Policy holder age,Internal - Static Policy,H,H,0.50%,2.80%,-24%
RATE_INCR_SPLIT,<25,POLICYHOLDER_AGE,(04):68<-70,"28,018",12%,"26,431","1,149",438,94%,4.10%,1.60%,Policy holder age,Internal - Static Policy,H,H,0.90%,-9.40%,-22%
GENDER_SPLIT,Female,POLICYHOLDER_AGE,(04):68<-70,"18,608",13%,"17,205",997,406,92%,5.40%,2.20%,Policy holder age,Internal - Static Policy,H,H,0.80%,-4.90%,-17%
CUM_RATE_INCR_SPLIT,40-High,POLICYHOLDER_AGE,(04):68<-70,"17,325",13%,"16,063",916,346,93%,5.30%,2.00%,Policy holder age,Internal - Static Policy,H,H,1.10%,-8.60%,-21%
STATE_SPLIT,OTHERS,POLICYHOLDER_AGE,(03):66<-68,"20,465",9.70%,"18,975","1,068",422,93%,5.20%,2.10%,Policy holder age,Internal - Static Policy,H,H,1.50%,-12%,-24%
STATE_SPLIT,CA,POLICYHOLDER_AGE,(04):68<-70,"3,632",12%,"3,374",197,61,93%,5.40%,1.70%,Policy holder age,Internal - Static Policy,H,H,-0.10%,10%,-18%
AGE_SPLIT,62-66,POLICYHOLDER_AGE,(04):68<-70,66,0.20%,59,7,0,89%,11%,0.00%,Policy holder age,Internal - Static Policy,H,H,0.10%,44%,-100%
AGE_SPLIT,<49,POLICYHOLDER_AGE,(04):68<-70,3,0.00%,2,1,0,67%,33%,0.00%,Policy holder age,Internal - Static Policy,H,H,-29%,734%,-100%
AGE_SPLIT,>66,POLICYHOLDER_AGE,(04):68<-70,6,0.00%,3,3,0,50%,50%,0.00%,Policy holder age,Internal - Static Policy,H,H,-42%,506%,-100%
AGE_SPLIT,52-54,POLICYHOLDER_AGE,(04):68<-70,"9,172",29%,"8,555",421,196,93%,4.60%,2.10%,Policy holder age,Internal - Static Policy,H,H,0.30%,-7.20%,5.60%
AGE_SPLIT,60-62,POLICYHOLDER_AGE,(04):68<-70,261,1.00%,244,13,4,93%,5.00%,1.50%,Policy holder age,Internal - Static Policy,H,H,3.90%,-30%,-47%
AGE_SPLIT,56-58,POLICYHOLDER_AGE,(04):68<-70,"3,897",12%,"3,543",272,82,91%,7.00%,2.10%,Policy holder age,Internal - Static Policy,H,H,-0.90%,17%,-5.80%
IFA_GROUP_STATE_PROD_SPLIT,FULLAPPROVAL,POLICYHOLDER_AGE,(07):73<-75,"1,569",11%,"1,177",289,103,75%,18%,6.60%,Policy holder age,Internal - Static Policy,H,H,-3.30%,15%,3.30%
INCOME_SPLIT,"LESSTHAN$40,000",POLICYHOLDER_AGE,(02):63<-66,"1,022",5.10%,942,45,35,92%,4.40%,3.40%,Policy holder age,Internal - Static Policy,H,H,4.30%,-36%,-27%
GENDER_SPLIT,Shared,POLICYHOLDER_AGE,(02):63<-66,"2,671",7.00%,"2,436",179,56,91%,6.70%,2.10%,Policy holder age,Internal - Static Policy,H,H,3.50%,-25%,-29%
STATE_SPLIT,TX,POLICYHOLDER_AGE,(03):66<-68,"1,092",10%,953,92,47,87%,8.40%,4.30%,Policy holder age,Internal - Static Policy,H,H,4.30%,-27%,-11%
STATE_SPLIT,PA,POLICYHOLDER_AGE,(03):66<-68,"2,863",11%,"2,638",176,49,92%,6.10%,1.70%,Policy holder age,Internal - Static Policy,H,H,1.40%,-7.40%,-32%
RATE_INCR_SPLIT,>=25,POLICYHOLDER_AGE,(03):66<-68,"6,637",10%,"5,749",649,239,87%,9.80%,3.60%,Policy holder age,Internal - Static Policy,H,H,3.10%,-12%,-27%
INCOME_SPLIT,"$60,000-$74,999",POLICYHOLDER_AGE,(07):73<-75,"3,156",12%,"2,804",252,100,89%,8.00%,3.20%,Policy holder age,Internal - Static Policy,H,H,-1.30%,18%,-1.60%
ALL,ALL,POLICYHOLDER_AGE,(04):68<-70,"36,368",13%,"33,629","1,971",768,92%,5.40%,2.10%,Policy holder age,Internal - Static Policy,H,H,1.30%,-10%,-21%
GENDER_SPLIT,Male,POLICYHOLDER_AGE,(03):66<-68,"10,128",9.80%,"9,415",508,205,93%,5.00%,2.00%,Policy holder age,Internal - Static Policy,H,H,1.20%,-8.30%,-24%
INCOME_SPLIT,"$125,000+",POLICYHOLDER_AGE,(03):66<-68,"12,380",11%,"11,558",640,182,93%,5.20%,1.50%,Policy holder age,Internal - Static Policy,H,H,0.70%,-5.00%,-21%
CUM_RATE_INCR_SPLIT,20-40,POLICYHOLDER_AGE,(04):68<-70,"10,686",13%,"9,767",646,273,91%,6.00%,2.60%,Policy holder age,Internal - Static Policy,H,H,1.90%,-14%,-22%
STATE_SPLIT,IL,POLICYHOLDER_AGE,(03):66<-68,"1,203",8.90%,"1,144",42,17,95%,3.50%,1.40%,Policy holder age,Internal - Static Policy,H,H,1.30%,-19%,-21%
INCOME_SPLIT,"LESSTHAN$40,000",POLICYHOLDER_AGE,(03):66<-68,"1,211",6.00%,"1,099",71,41,91%,5.90%,3.40%,Policy holder age,Internal - Static Policy,H,H,2.70%,-15%,-28%
IFA_GROUP_STATE_PROD_SPLIT,FULLAPPROVAL,POLICYHOLDER_AGE,(03):66<-68,"1,365",9.70%,"1,088",203,74,80%,15%,5.40%,Policy holder age,Internal - Static Policy,H,H,2.70%,-7.30%,-15%
DECISION_SPLIT,ALL,POLICYHOLDER_AGE,(04):68<-70,"36,368",13%,"33,629","1,971",768,92%,5.40%,2.10%,Policy holder age,Internal - Static Policy,H,H,1.30%,-10%,-21%
IFA_GROUP_STATE_PROD_SPLIT,OTHERTHANFULLAPPROVAL,POLICYHOLDER_AGE,(03):66<-68,"17,116",10%,"15,882",892,342,93%,5.20%,2.00%,Policy holder age,Internal - Static Policy,H,H,2.00%,-16%,-29%
INCOME_SPLIT,"$75,000-$99,999",POLICYHOLDER_AGE,(03):66<-68,"5,057",9.70%,"4,664",271,122,92%,5.40%,2.40%,Policy holder age,Internal - Static Policy,H,H,1.40%,-13%,-17%
GENDER_SPLIT,Shared,POLICYHOLDER_AGE,(03):66<-68,"3,180",8.30%,"2,877",218,85,90%,6.90%,2.70%,Policy holder age,Internal - Static Policy,H,H,2.70%,-23%,-9.90%
STATE_SPLIT,CA,POLICYHOLDER_AGE,(06):72<-73,"1,309",4.40%,"1,207",82,20,92%,6.30%,1.50%,Policy holder age,Internal - Static Policy,H,H,-0.90%,27%,-26%
CUM_RATE_INCR_SPLIT,0-20,POLICYHOLDER_AGE,(07):73<-75,"7,147",9.60%,"6,529",465,153,91%,6.50%,2.10%,Policy holder age,Internal - Static Policy,H,H,-1.10%,21%,-7.20%
GENDER_SPLIT,Male,POLICYHOLDER_AGE,(07):73<-75,"11,119",11%,"10,111",703,305,91%,6.30%,2.70%,Policy holder age,Internal - Static Policy,H,H,-1.00%,16%,3.60%
STATE_SPLIT,TX,POLICYHOLDER_AGE,(06):72<-73,642,5.90%,542,74,26,84%,12%,4.00%,Policy holder age,Internal - Static Policy,H,H,0.90%,0.50%,-16%
INCOME_SPLIT,"$40,000-$59,999",POLICYHOLDER_AGE,(04):68<-70,"2,483",11%,"2,268",132,83,91%,5.30%,3.30%,Policy holder age,Internal - Static Policy,H,H,1.70%,-17%,-13%
IFA_GROUP_STATE_PROD_SPLIT,OTHERTHANFULLAPPROVAL,POLICYHOLDER_AGE,(04):68<-70,"21,000",13%,"19,389","1,151",460,92%,5.50%,2.20%,Policy holder age,Internal - Static Policy,H,H,1.50%,-12%,-22%
DECISION_SPLIT,ALL,POLICYHOLDER_AGE,(03):66<-68,"29,046",10%,"26,929","1,528",589,93%,5.30%,2.00%,Policy holder age,Internal - Static Policy,H,H,1.50%,-13%,-24%
CUM_RATE_INCR_SPLIT,40-High,POLICYHOLDER_AGE,(03):66<-68,"13,710",10%,"12,710",720,280,93%,5.30%,2.00%,Policy holder age,Internal - Static Policy,H,H,1.10%,-9.20%,-19%
AGE_SPLIT,58-60,POLICYHOLDER_AGE,(07):73<-75,"18,424",55%,"16,728","1,220",476,91%,6.60%,2.60%,Policy holder age,Internal - Static Policy,H,H,0.00%,-0.80%,0.60%
AGE_SPLIT,62-66,POLICYHOLDER_AGE,(07):73<-75,956,2.50%,856,73,27,90%,7.60%,2.80%,Policy holder age,Internal - Static Policy,H,H,0.20%,3.80%,-14%
AGE_SPLIT,60-62,POLICYHOLDER_AGE,(07):73<-75,"8,426",33%,"7,549",641,236,90%,7.60%,2.80%,Policy holder age,Internal - Static Policy,H,H,-0.40%,7.10%,-3.70%
CUM_RATE_INCR_SPLIT,20-40,POLICYHOLDER_AGE,(03):66<-68,"8,434",10%,"7,755",484,195,92%,5.70%,2.30%,Policy holder age,Internal - Static Policy,H,H,2.50%,-18%,-29%
CUM_RATE_INCR_SPLIT,0-20,POLICYHOLDER_AGE,(03):66<-68,"6,902",9.30%,"6,464",324,114,94%,4.70%,1.70%,Policy holder age,Internal - Static Policy,H,H,1.40%,-12%,-28%
INCOME_SPLIT,UNKNOWN,POLICYHOLDER_AGE,(06):72<-73,784,5.10%,710,50,24,91%,6.40%,3.10%,Policy holder age,Internal - Static Policy,H,H,-0.80%,8.50%,8.20%
STATE_SPLIT,PA,POLICYHOLDER_AGE,(02):63<-66,"2,849",11%,"2,660",137,52,93%,4.80%,1.80%,Policy holder age,Internal - Static Policy,H,H,2.80%,-28%,-28%
INCOME_SPLIT,UNKNOWN,POLICYHOLDER_AGE,(03):66<-68,"1,511",9.70%,"1,398",75,38,93%,5.00%,2.50%,Policy holder age,Internal - Static Policy,H,H,1.30%,-16%,-11%
GENDER_SPLIT,Female,POLICYHOLDER_AGE,(03):66<-68,"15,738",11%,"14,637",802,299,93%,5.10%,1.90%,Policy holder age,Internal - Static Policy,H,H,1.40%,-9.60%,-28%
ALL,ALL,POLICYHOLDER_AGE,(03):66<-68,"29,046",10%,"26,929","1,528",589,93%,5.30%,2.00%,Policy holder age,Internal - Static Policy,H,H,1.50%,-13%,-24%
INCOME_SPLIT,"$60,000-$74,999",POLICYHOLDER_AGE,(06):72<-73,"1,643",6.00%,"1,485",119,39,90%,7.20%,2.40%,Policy holder age,Internal - Static Policy,H,H,0.40%,7.10%,-26%
AGE_SPLIT,54-56,POLICYHOLDER_AGE,(06):72<-73,6,0.00%,4,2,0,67%,33%,0.00%,Policy holder age,Internal - Static Policy,H,H,-28%,514%,-100%
AGE_SPLIT,58-60,POLICYHOLDER_AGE,(06):72<-73,"8,730",26%,"7,925",586,219,91%,6.70%,2.50%,Policy holder age,Internal - Static Policy,H,H,0.00%,0.50%,-2.30%
AGE_SPLIT,52-54,POLICYHOLDER_AGE,(05):70<-72,5,0.00%,5,0,0,100%,0.00%,0.00%,Policy holder age,Internal - Static Policy,H,H,7.50%,-100%,-100%
IFA_GROUP_STATE_PROD_SPLIT,FULLAPPROVALW/PHASES,POLICYHOLDER_AGE,(03):66<-68,"10,565",9.70%,"9,959",433,173,94%,4.10%,1.60%,Policy holder age,Internal - Static Policy,H,H,0.80%,-7.30%,-19%
AGE_SPLIT,58-60,POLICYHOLDER_AGE,(03):66<-68,351,1.00%,325,11,15,93%,3.10%,4.30%,Policy holder age,Internal - Static Policy,H,H,2.00%,-53%,66%
AGE_SPLIT,52-54,POLICYHOLDER_AGE,(03):66<-68,"18,090",57%,"16,782",939,369,93%,5.20%,2.00%,Policy holder age,Internal - Static Policy,H,H,-0.30%,5.00%,0.80%
AGE_SPLIT,54-56,POLICYHOLDER_AGE,(03):66<-68,"4,180",12%,"3,843",261,76,92%,6.20%,1.80%,Policy holder age,Internal - Static Policy,H,H,-0.60%,15%,-13%
AGE_SPLIT,54-56,POLICYHOLDER_AGE,(04):68<-70,"22,113",62%,"20,438","1,203",472,92%,5.40%,2.10%,Policy holder age,Internal - Static Policy,H,H,-0.10%,0.30%,2.60%
AGE_SPLIT,58-60,POLICYHOLDER_AGE,(04):68<-70,841,2.50%,779,48,14,93%,5.70%,1.70%,Policy holder age,Internal - Static Policy,H,H,2.10%,-15%,-35%
AGE_SPLIT,49-52,POLICYHOLDER_AGE,(03):66<-68,"5,538",18%,"5,132",283,123,93%,5.10%,2.20%,Policy holder age,Internal - Static Policy,H,H,-1.10%,15%,20%
CUM_RATE_INCR_SPLIT,0-20,POLICYHOLDER_AGE,(04):68<-70,"8,357",11%,"7,799",409,149,93%,4.90%,1.80%,Policy holder age,Internal - Static Policy,H,H,1.10%,-8.70%,-23%
INCOME_SPLIT,"$100,000-$124,999",POLICYHOLDER_AGE,(03):66<-68,"4,826",11%,"4,461",269,96,92%,5.60%,2.00%,Policy holder age,Internal - Static Policy,H,H,1.30%,-11%,-20%
AGE_SPLIT,56-58,POLICYHOLDER_AGE,(03):66<-68,816,2.60%,781,29,6,96%,3.60%,0.70%,Policy holder age,Internal - Static Policy,H,H,4.30%,-41%,-67%
STATE_SPLIT,TX,POLICYHOLDER_AGE,(02):63<-66,"1,104",10%,965,95,44,87%,8.60%,4.00%,Policy holder age,Internal - Static Policy,H,H,4.40%,-25%,-18%
CUM_RATE_INCR_SPLIT,20-40,POLICYHOLDER_AGE,(06):72<-73,"4,792",6.00%,"4,308",363,121,90%,7.60%,2.50%,Policy holder age,Internal - Static Policy,H,H,0.20%,7.80%,-23%
CUM_RATE_INCR_SPLIT,0-20,POLICYHOLDER_AGE,(05):70<-72,"6,948",9.40%,"6,414",395,139,92%,5.70%,2.00%,Policy holder age,Internal - Static Policy,H,H,0.00%,6.00%,-13%
IFA_GROUP_STATE_PROD_SPLIT,FULLAPPROVALW/PHASES,POLICYHOLDER_AGE,(05):70<-72,"11,190",10%,"10,517",479,194,94%,4.30%,1.70%,Policy holder age,Internal - Static Policy,H,H,0.50%,-3.20%,-14%
GENDER_SPLIT,Female,POLICYHOLDER_AGE,(05):70<-72,"14,873",10%,"13,630",883,360,92%,5.90%,2.40%,Policy holder age,Internal - Static Policy,H,H,-0.10%,5.30%,-7.80%
CUM_RATE_INCR_SPLIT,0-20,POLICYHOLDER_AGE,(06):72<-73,"3,766",5.10%,"3,468",226,72,92%,6.00%,1.90%,Policy holder age,Internal - Static Policy,H,H,-0.30%,12%,-17%
STATE_SPLIT,IL,POLICYHOLDER_AGE,(05):70<-72,"1,407",10%,"1,327",58,22,94%,4.10%,1.60%,Policy holder age,Internal - Static Policy,H,H,0.40%,-3.90%,-13%
AGE_SPLIT,56-58,POLICYHOLDER_AGE,(06):72<-73,"6,867",22%,"6,295",416,156,92%,6.10%,2.30%,Policy holder age,Internal - Static Policy,H,H,-0.10%,1.30%,1.70%
STATE_SPLIT,TX,POLICYHOLDER_AGE,(05):70<-72,"1,095",10%,919,140,36,84%,13%,3.30%,Policy holder age,Internal - Static Policy,H,H,0.30%,12%,-32%
INCOME_SPLIT,UNKNOWN,POLICYHOLDER_AGE,(05):70<-72,"1,500",9.70%,"1,369",92,39,91%,6.10%,2.60%,Policy holder age,Internal - Static Policy,H,H,0.00%,4.30%,-8.10%
RATE_INCR_SPLIT,>=25,POLICYHOLDER_AGE,(05):70<-72,"6,820",10%,"5,781",753,286,85%,11%,4.20%,Policy holder age,Internal - Static Policy,H,H,0.90%,-0.30%,-15%
RATE_INCR_SPLIT,<25,POLICYHOLDER_AGE,(03):66<-68,"22,409",10%,"21,180",879,350,95%,3.90%,1.60%,Policy holder age,Internal - Static Policy,H,H,1.10%,-13%,-22%
STATE_SPLIT,OTHERS,POLICYHOLDER_AGE,(02):63<-66,"20,266",9.60%,"18,999",885,382,94%,4.40%,1.90%,Policy holder age,Internal - Static Policy,H,H,2.60%,-26%,-31%
STATE_SPLIT,IL,POLICYHOLDER_AGE,(02):63<-66,"1,013",7.50%,961,38,14,95%,3.80%,1.40%,Policy holder age,Internal - Static Policy,H,H,1.00%,-13%,-23%
STATE_SPLIT,CA,POLICYHOLDER_AGE,(03):66<-68,"3,423",12%,"3,219",150,54,94%,4.40%,1.60%,Policy holder age,Internal - Static Policy,H,H,1.10%,-11%,-23%
AGE_SPLIT,<49,POLICYHOLDER_AGE,(03):66<-68,3,0.00%,3,0,0,100%,0.00%,0.00%,Policy holder age,Internal - Static Policy,H,H,6.80%,-100%,-100%
STATE_SPLIT,CA,POLICYHOLDER_AGE,(02):63<-66,"4,452",15%,"4,245",152,55,95%,3.40%,1.20%,Policy holder age,Internal - Static Policy,H,H,2.50%,-31%,-40%
CUM_RATE_INCR_SPLIT,40-High,POLICYHOLDER_AGE,(06):72<-73,"8,011",5.90%,"7,319",488,204,91%,6.10%,2.50%,Policy holder age,Internal - Static Policy,H,H,-0.40%,5.40%,0.70%
RATE_INCR_SPLIT,>=25,POLICYHOLDER_AGE,(02):63<-66,"6,584",10%,"5,843",505,236,89%,7.70%,3.60%,Policy holder age,Internal - Static Policy,H,H,5.70%,-31%,-27%
RATE_INCR_SPLIT,<25,POLICYHOLDER_AGE,(02):63<-66,"23,100",10%,"21,987",802,311,95%,3.50%,1.30%,Policy holder age,Internal - Static Policy,H,H,1.80%,-23%,-33%
AGE_SPLIT,60-62,POLICYHOLDER_AGE,(03):66<-68,63,0.20%,61,2,0,97%,3.20%,0.00%,Policy holder age,Internal - Static Policy,H,H,7.60%,-55%,-100%
INCOME_SPLIT,UNKNOWN,POLICYHOLDER_AGE,(02):63<-66,"1,678",11%,"1,584",62,32,94%,3.70%,1.90%,Policy holder age,Internal - Static Policy,H,H,3.40%,-37%,-33%
INCOME_SPLIT,"$60,000-$74,999",POLICYHOLDER_AGE,(02):63<-66,"1,840",6.80%,"1,715",83,42,93%,4.50%,2.30%,Policy holder age,Internal - Static Policy,H,H,3.50%,-33%,-29%
STATE_SPLIT,IL,POLICYHOLDER_AGE,(10):81<-High,"1,648",12%,"1,488",98,62,90%,5.90%,3.80%,Policy holder age,Internal - Static Policy,H,H,-3.90%,39%,109%
INCOME_SPLIT,"$75,000-$99,999",POLICYHOLDER_AGE,(02):63<-66,"4,688",9.00%,"4,379",218,91,93%,4.70%,1.90%,Policy holder age,Internal - Static Policy,H,H,2.70%,-24%,-33%
INCOME_SPLIT,"$125,000+",POLICYHOLDER_AGE,(02):63<-66,"14,384",13%,"13,606",563,215,95%,3.90%,1.50%,Policy holder age,Internal - Static Policy,H,H,2.00%,-28%,-20%
IFA_GROUP_STATE_PROD_SPLIT,FULLAPPROVALW/PHASES,POLICYHOLDER_AGE,(02):63<-66,"10,395",9.60%,"9,878",373,144,95%,3.60%,1.40%,Policy holder age,Internal - Static Policy,H,H,1.60%,-19%,-31%
INCOME_SPLIT,"$100,000-$124,999",POLICYHOLDER_AGE,(02):63<-66,"4,808",11%,"4,449",261,98,93%,5.40%,2.00%,Policy holder age,Internal - Static Policy,H,H,1.40%,-14%,-18%
AGE_SPLIT,49-52,POLICYHOLDER_AGE,(04):68<-70,9,0.00%,6,3,0,67%,33%,0.00%,Policy holder age,Internal - Static Policy,H,H,-29%,647%,-100%
IFA_GROUP_STATE_PROD_SPLIT,FULLAPPROVAL,POLICYHOLDER_AGE,(02):63<-66,"1,243",8.80%,"1,021",156,66,82%,13%,5.30%,Policy holder age,Internal - Static Policy,H,H,5.90%,-22%,-16%
DECISION_SPLIT,ALL,POLICYHOLDER_AGE,(02):63<-66,"29,684",10%,"27,830","1,307",547,94%,4.40%,1.80%,Policy holder age,Internal - Static Policy,H,H,2.70%,-27%,-31%
AGE_SPLIT,<49,POLICYHOLDER_AGE,(02):63<-66,"2,589",8.10%,"2,424",108,57,94%,4.20%,2.20%,Policy holder age,Internal - Static Policy,H,H,0.00%,4.40%,-7.10%
CUM_RATE_INCR_SPLIT,0-20,POLICYHOLDER_AGE,(02):63<-66,"7,626",10%,"7,214",304,108,95%,4.00%,1.40%,Policy holder age,Internal - Static Policy,H,H,2.50%,-26%,-39%
ALL,ALL,POLICYHOLDER_AGE,(02):63<-66,"29,684",10%,"27,830","1,307",547,94%,4.40%,1.80%,Policy holder age,Internal - Static Policy,H,H,2.70%,-27%,-31%
AGE_SPLIT,56-58,POLICYHOLDER_AGE,(02):63<-66,353,1.10%,329,10,14,93%,2.80%,4.00%,Policy holder age,Internal - Static Policy,H,H,1.50%,-53%,78%
IFA_GROUP_STATE_PROD_SPLIT,OTHERTHANFULLAPPROVAL,POLICYHOLDER_AGE,(10):81<-High,"14,663",8.80%,"12,573","1,296",794,86%,8.80%,5.40%,Policy holder age,Internal - Static Policy,H,H,-5.80%,42%,94%
STATE_SPLIT,PA,POLICYHOLDER_AGE,(10):81<-High,"2,099",8.20%,"1,784",205,110,85%,9.80%,5.20%,Policy holder age,Internal - Static Policy,H,H,-6.40%,47%,108%
AGE_SPLIT,49-52,POLICYHOLDER_AGE,(02):63<-66,"21,558",69%,"20,218",944,396,94%,4.40%,1.80%,Policy holder age,Internal - Static Policy,H,H,0.10%,-1.90%,-0.90%
AGE_SPLIT,58-60,POLICYHOLDER_AGE,(02):63<-66,92,0.30%,88,4,0,96%,4.30%,0.00%,Policy holder age,Internal - Static Policy,H,H,5.40%,-35%,-100%
CUM_RATE_INCR_SPLIT,40-High,POLICYHOLDER_AGE,(02):63<-66,"13,540",10%,"12,709",576,255,94%,4.30%,1.90%,Policy holder age,Internal - Static Policy,H,H,2.40%,-26%,-26%
STATE_SPLIT,TX,POLICYHOLDER_AGE,(10):81<-High,"1,028",9.50%,768,166,94,75%,16%,9.10%,Policy holder age,Internal - Static Policy,H,H,-11%,41%,89%
INCOME_SPLIT,"$75,000-$99,999",POLICYHOLDER_AGE,(10):81<-High,"5,060",9.70%,"4,414",397,249,87%,7.80%,4.90%,Policy holder age,Internal - Static Policy,H,H,-4.10%,28%,70%
RATE_INCR_SPLIT,>=25,POLICYHOLDER_AGE,(10):81<-High,"6,306",9.50%,"4,874",911,521,77%,14%,8.30%,Policy holder age,Internal - Static Policy,H,H,-8.00%,30%,68%
STATE_SPLIT,OTHERS,POLICYHOLDER_AGE,(10):81<-High,"21,044",10%,"18,451","1,591","1,002",88%,7.60%,4.80%,Policy holder age,Internal - Static Policy,H,H,-4.00%,28%,74%
RATE_INCR_SPLIT,<25,POLICYHOLDER_AGE,(10):81<-High,"20,619",9.20%,"18,566","1,244",809,90%,6.00%,3.90%,Policy holder age,Internal - Static Policy,H,H,-3.70%,33%,95%
STATE_SPLIT,CA,POLICYHOLDER_AGE,(10):81<-High,"1,106",3.70%,949,95,62,86%,8.60%,5.60%,Policy holder age,Internal - Static Policy,H,H,-7.80%,74%,173%
INCOME_SPLIT,UNKNOWN,POLICYHOLDER_AGE,(10):81<-High,"1,684",11%,"1,461",136,87,87%,8.10%,5.20%,Policy holder age,Internal - Static Policy,H,H,-5.00%,37%,83%
CUM_RATE_INCR_SPLIT,40-High,POLICYHOLDER_AGE,(10):81<-High,"12,479",9.20%,"11,029",893,557,88%,7.20%,4.50%,Policy holder age,Internal - Static Policy,H,H,-3.60%,24%,76%
INCOME_SPLIT,"$125,000+",POLICYHOLDER_AGE,(10):81<-High,"4,797",4.50%,"4,250",352,195,89%,7.30%,4.10%,Policy holder age,Internal - Static Policy,H,H,-4.40%,35%,118%
AGE_SPLIT,52-54,POLICYHOLDER_AGE,(02):63<-66,"4,095",13%,"3,821",203,71,93%,5.00%,1.70%,Policy holder age,Internal - Static Policy,H,H,0.30%,0.30%,-14%
INCOME_SPLIT,"$40,000-$59,999",POLICYHOLDER_AGE,(10):81<-High,"3,979",17%,"3,447",333,199,87%,8.40%,5.00%,Policy holder age,Internal - Static Policy,H,H,-3.50%,31%,31%
GENDER_SPLIT,Female,POLICYHOLDER_AGE,(10):81<-High,"12,840",8.70%,"11,300",896,644,88%,7.00%,5.00%,Policy holder age,Internal - Static Policy,H,H,-4.10%,24%,91%
INCOME_SPLIT,"$100,000-$124,999",POLICYHOLDER_AGE,(10):81<-High,"3,110",7.00%,"2,689",280,141,86%,9.00%,4.50%,Policy holder age,Internal - Static Policy,H,H,-5.20%,43%,82%
GENDER_SPLIT,Shared,POLICYHOLDER_AGE,(10):81<-High,"4,100",11%,"3,321",567,212,81%,14%,5.20%,Policy holder age,Internal - Static Policy,H,H,-8.00%,54%,74%
AGE_SPLIT,54-56,POLICYHOLDER_AGE,(02):63<-66,992,2.80%,948,35,9,96%,3.50%,0.90%,Policy holder age,Internal - Static Policy,H,H,3.30%,-35%,-56%
INCOME_SPLIT,"$40,000-$59,999",POLICYHOLDER_AGE,(02):63<-66,"1,264",5.50%,"1,155",75,34,91%,5.90%,2.70%,Policy holder age,Internal - Static Policy,H,H,1.80%,-7.10%,-30%
AGE_SPLIT,62-66,POLICYHOLDER_AGE,(02):63<-66,5,0.00%,2,3,0,40%,60%,0.00%,Policy holder age,Internal - Static Policy,H,H,-55%,715%,-100%
INCOME_SPLIT,"LESSTHAN$40,000",POLICYHOLDER_AGE,(10):81<-High,"4,808",24%,"4,173",353,282,87%,7.30%,5.90%,Policy holder age,Internal - Static Policy,H,H,-1.80%,6.10%,25%
IFA_GROUP_STATE_PROD_SPLIT,FULLAPPROVAL,POLICYHOLDER_AGE,(10):81<-High,"1,472",10%,"1,080",262,130,73%,18%,8.80%,Policy holder age,Internal - Static Policy,H,H,-5.40%,11%,39%
DECISION_SPLIT,ALL,POLICYHOLDER_AGE,(07):73<-75,"29,911",10%,"27,060","2,060",791,90%,6.90%,2.60%,Policy holder age,Internal - Static Policy,H,H,-0.90%,14%,-1.20%
AGE_SPLIT,62-66,POLICYHOLDER_AGE,(03):66<-68,5,0.00%,2,3,0,40%,60%,0.00%,Policy holder age,Internal - Static Policy,H,H,-55%,715%,-100%
CUM_RATE_INCR_SPLIT,20-40,POLICYHOLDER_AGE,(02):63<-66,"8,518",11%,"7,907",427,184,93%,5.00%,2.20%,Policy holder age,Internal - Static Policy,H,H,3.50%,-29%,-34%
GENDER_SPLIT,Male,POLICYHOLDER_AGE,(10):81<-High,"9,985",9.60%,"8,819",692,474,88%,6.90%,4.70%,Policy holder age,Internal - Static Policy,H,H,-3.90%,27%,79%
GENDER_SPLIT,Female,POLICYHOLDER_AGE,(02):63<-66,"17,041",11%,"15,998",738,305,94%,4.30%,1.80%,Policy holder age,Internal - Static Policy,H,H,2.30%,-23%,-32%
IFA_GROUP_STATE_PROD_SPLIT,FULLAPPROVALW/PHASES,POLICYHOLDER_AGE,(10):81<-High,"10,790",9.90%,"9,787",597,406,91%,5.50%,3.80%,Policy holder age,Internal - Static Policy,H,H,-3.10%,25%,87%
GENDER_SPLIT,Male,POLICYHOLDER_AGE,(02):63<-66,"9,972",9.60%,"9,396",390,186,94%,3.90%,1.90%,Policy holder age,Internal - Static Policy,H,H,2.50%,-29%,-30%
DECISION_SPLIT,ALL,POLICYHOLDER_AGE,(10):81<-High,"26,925",9.30%,"23,440","2,155","1,330",87%,8.00%,4.90%,Policy holder age,Internal - Static Policy,H,H,-4.70%,33%,84%
CUM_RATE_INCR_SPLIT,20-40,POLICYHOLDER_AGE,(10):81<-High,"6,521",8.10%,"5,370",730,421,82%,11%,6.50%,Policy holder age,Internal - Static Policy,H,H,-8.20%,59%,97%
IFA_GROUP_STATE_PROD_SPLIT,OTHERTHANFULLAPPROVAL,POLICYHOLDER_AGE,(02):63<-66,"18,046",11%,"16,931",778,337,94%,4.30%,1.90%,Policy holder age,Internal - Static Policy,H,H,3.10%,-31%,-33%
CUM_RATE_INCR_SPLIT,0-20,POLICYHOLDER_AGE,(10):81<-High,"7,925",11%,"7,041",532,352,89%,6.70%,4.40%,Policy holder age,Internal - Static Policy,H,H,-3.80%,25%,93%
INCOME_SPLIT,"$60,000-$74,999",POLICYHOLDER_AGE,(10):81<-High,"3,487",13%,"3,006",304,177,86%,8.70%,5.10%,Policy holder age,Internal - Static Policy,H,H,-4.20%,29%,58%
ALL,ALL,POLICYHOLDER_AGE,(10):81<-High,"26,925",9.30%,"23,440","2,155","1,330",87%,8.00%,4.90%,Policy holder age,Internal - Static Policy,H,H,-4.70%,33%,84%
AGE_SPLIT,>66,POLICYHOLDER_AGE,(10):81<-High,"25,991",86%,"22,624","2,078","1,289",87%,8.00%,5.00%,Policy holder age,Internal - Static Policy,H,H,0.20%,-3.20%,2.40%
STATE_SPLIT,TX,POLICYHOLDER_AGE,(01):Low-63,"1,341",12%,"1,204",85,52,90%,6.30%,3.90%,Policy holder age,Internal - Static Policy,H,H,7.30%,-45%,-20%
INCOME_SPLIT,"$60,000-$74,999",POLICYHOLDER_AGE,(01):Low-63,"1,822",6.70%,"1,668",91,63,92%,5.00%,3.50%,Policy holder age,Internal - Static Policy,H,H,1.70%,-26%,7.40%
INCOME_SPLIT,"$75,000-$99,999",POLICYHOLDER_AGE,(01):Low-63,"4,140",7.90%,"3,823",190,127,92%,4.60%,3.10%,Policy holder age,Internal - Static Policy,H,H,1.50%,-25%,6.10%
AGE_SPLIT,62-66,POLICYHOLDER_AGE,(10):81<-High,931,2.40%,815,75,41,88%,8.10%,4.40%,Policy holder age,Internal - Static Policy,H,H,-2.00%,9.50%,33%
AGE_SPLIT,60-62,POLICYHOLDER_AGE,(10):81<-High,3,0.00%,1,2,0,33%,67%,0.00%,Policy holder age,Internal - Static Policy,H,H,-63%,839%,-100%
INCOME_SPLIT,UNKNOWN,POLICYHOLDER_AGE,(01):Low-63,"2,358",15%,"2,207",89,62,94%,3.80%,2.60%,Policy holder age,Internal - Static Policy,H,H,2.50%,-36%,-7.10%
STATE_SPLIT,IL,POLICYHOLDER_AGE,(01):Low-63,947,7.00%,906,26,15,96%,2.70%,1.60%,Policy holder age,Internal - Static Policy,H,H,1.90%,-36%,-12%
STATE_SPLIT,CA,POLICYHOLDER_AGE,(01):Low-63,"7,361",25%,"7,002",229,130,95%,3.10%,1.80%,Policy holder age,Internal - Static Policy,H,H,2.30%,-37%,-14%
INCOME_SPLIT,"$100,000-$124,999",POLICYHOLDER_AGE,(01):Low-63,"4,720",11%,"4,411",197,112,93%,4.20%,2.40%,Policy holder age,Internal - Static Policy,H,H,2.40%,-34%,-5.00%
INCOME_SPLIT,"$125,000+",POLICYHOLDER_AGE,(01):Low-63,"18,620",17%,"17,628",672,320,95%,3.60%,1.70%,Policy holder age,Internal - Static Policy,H,H,2.10%,-34%,-7.80%
AGE_SPLIT,62-66,POLICYHOLDER_AGE,(01):Low-63,2,0.00%,1,1,0,50%,50%,0.00%,Policy holder age,Internal - Static Policy,H,H,-44%,579%,-100%
IFA_GROUP_STATE_PROD_SPLIT,FULLAPPROVALW/PHASES,POLICYHOLDER_AGE,(01):Low-63,"10,958",10%,"10,421",323,214,95%,2.90%,2.00%,Policy holder age,Internal - Static Policy,H,H,1.60%,-33%,-3.20%
ALL,ALL,POLICYHOLDER_AGE,(01):Low-63,"33,912",12%,"31,812","1,331",769,94%,3.90%,2.30%,Policy holder age,Internal - Static Policy,H,H,2.70%,-35%,-15%
GENDER_SPLIT,Male,POLICYHOLDER_AGE,(01):Low-63,"10,950",11%,"10,328",389,233,94%,3.60%,2.10%,Policy holder age,Internal - Static Policy,H,H,2.70%,-35%,-20%
GENDER_SPLIT,Female,POLICYHOLDER_AGE,(01):Low-63,"21,194",14%,"19,890",826,478,94%,3.90%,2.30%,Policy holder age,Internal - Static Policy,H,H,2.30%,-31%,-14%
IFA_GROUP_STATE_PROD_SPLIT,FULLAPPROVAL,POLICYHOLDER_AGE,(01):Low-63,"1,373",9.70%,"1,085",203,85,79%,15%,6.20%,Policy holder age,Internal - Static Policy,H,H,1.80%,-7.90%,-2.60%
CUM_RATE_INCR_SPLIT,0-20,POLICYHOLDER_AGE,(01):Low-63,"10,017",13%,"9,575",284,158,96%,2.80%,1.60%,Policy holder age,Internal - Static Policy,H,H,3.50%,-47%,-32%
GENDER_SPLIT,UNKNOWN,POLICYHOLDER_AGE,(01):Low-63,1,0.40%,1,0,0,100%,0.00%,0.00%,Policy holder age,Internal - Static Policy,H,H,17%,-100%,-100%
CUM_RATE_INCR_SPLIT,20-40,POLICYHOLDER_AGE,(01):Low-63,"9,412",12%,"8,676",432,304,92%,4.60%,3.20%,Policy holder age,Internal - Static Policy,H,H,2.80%,-35%,-1.30%
AGE_SPLIT,<49,POLICYHOLDER_AGE,(01):Low-63,"29,228",92%,"27,371","1,160",697,94%,4.00%,2.40%,Policy holder age,Internal - Static Policy,H,H,0.00%,-0.70%,0.60%
CUM_RATE_INCR_SPLIT,40-High,POLICYHOLDER_AGE,(01):Low-63,"14,483",11%,"13,561",615,307,94%,4.20%,2.10%,Policy holder age,Internal - Static Policy,H,H,2.10%,-27%,-16%
DECISION_SPLIT,ALL,POLICYHOLDER_AGE,(01):Low-63,"33,912",12%,"31,812","1,331",769,94%,3.90%,2.30%,Policy holder age,Internal - Static Policy,H,H,2.70%,-35%,-15%
AGE_SPLIT,58-60,POLICYHOLDER_AGE,(01):Low-63,1,0.00%,0,0,1,0.00%,0.00%,100%,Policy holder age,Internal - Static Policy,H,H,-100%,-100%,4.00E+01
AGE_SPLIT,56-58,POLICYHOLDER_AGE,(01):Low-63,7,0.00%,7,0,0,100%,0.00%,0.00%,Policy holder age,Internal - Static Policy,H,H,8.90%,-100%,-100%
GENDER_SPLIT,Shared,POLICYHOLDER_AGE,(01):Low-63,"1,767",4.60%,"1,593",116,58,90%,6.60%,3.30%,Policy holder age,Internal - Static Policy,H,H,2.40%,-27%,11%
AGE_SPLIT,54-56,POLICYHOLDER_AGE,(01):Low-63,215,0.60%,201,9,5,93%,4.20%,2.30%,Policy holder age,Internal - Static Policy,H,H,1.10%,-23%,12%
IFA_GROUP_STATE_PROD_SPLIT,OTHERTHANFULLAPPROVAL,POLICYHOLDER_AGE,(01):Low-63,"21,581",13%,"20,306",805,470,94%,3.70%,2.20%,Policy holder age,Internal - Static Policy,H,H,3.40%,-40%,-22%
AGE_SPLIT,49-52,POLICYHOLDER_AGE,(01):Low-63,"3,926",13%,"3,722",148,56,95%,3.80%,1.40%,Policy holder age,Internal - Static Policy,H,H,1.20%,-16%,-23%
STATE_SPLIT,TX,POLICYHOLDER_AGE,.,11,0.10%,8,2,1,73%,18%,9.10%,Policy holder age,Internal - Static Policy,H,H,-13%,59%,88%
STATE_SPLIT,PA,POLICYHOLDER_AGE,.,25,0.10%,22,2,1,88%,8.00%,4.00%,Policy holder age,Internal - Static Policy,H,H,-3.10%,21%,58%
STATE_SPLIT,IL,POLICYHOLDER_AGE,.,11,0.10%,11,0,0,100%,0.00%,0.00%,Policy holder age,Internal - Static Policy,H,H,6.50%,-100%,-100%
INCOME_SPLIT,UNKNOWN,POLICYHOLDER_AGE,(07):73<-75,"1,428",9.20%,"1,297",91,40,91%,6.40%,2.80%,Policy holder age,Internal - Static Policy,H,H,-0.50%,8.40%,-1.00%
RATE_INCR_SPLIT,>=25,POLICYHOLDER_AGE,(08):75<-78,"7,936",12%,"6,474",995,467,82%,13%,5.90%,Policy holder age,Internal - Static Policy,H,H,-2.90%,13%,19%
STATE_SPLIT,IL,POLICYHOLDER_AGE,(08):75<-78,"1,714",13%,"1,611",78,25,94%,4.60%,1.50%,Policy holder age,Internal - Static Policy,H,H,0.10%,6.10%,-19%
INCOME_SPLIT,"$40,000-$59,999",POLICYHOLDER_AGE,(03):66<-68,"1,781",7.70%,"1,653",80,48,93%,4.50%,2.70%,Policy holder age,Internal - Static Policy,H,H,3.40%,-30%,-30%
RATE_INCR_SPLIT,<25,POLICYHOLDER_AGE,.,167,0.10%,147,15,5,88%,9.00%,3.00%,Policy holder age,Internal - Static Policy,H,H,-5.80%,98%,49%
RATE_INCR_SPLIT,>=25,POLICYHOLDER_AGE,.,72,0.10%,58,13,1,81%,18%,1.40%,Policy holder age,Internal - Static Policy,H,H,-4.10%,63%,-72%
INCOME_SPLIT,UNKNOWN,POLICYHOLDER_AGE,.,22,0.10%,19,3,0,86%,14%,0.00%,Policy holder age,Internal - Static Policy,H,H,-5.40%,132%,-100%
INCOME_SPLIT,"$40,000-$59,999",POLICYHOLDER_AGE,(01):Low-63,"1,208",5.20%,"1,114",45,49,92%,3.70%,4.10%,Policy holder age,Internal - Static Policy,H,H,2.70%,-42%,5.90%
INCOME_SPLIT,"$60,000-$74,999",POLICYHOLDER_AGE,.,19,0.10%,17,2,0,89%,11%,0.00%,Policy holder age,Internal - Static Policy,H,H,-0.60%,56%,-100%
INCOME_SPLIT,"$40,000-$59,999",POLICYHOLDER_AGE,(08):75<-78,"3,442",15%,"3,081",231,130,90%,6.70%,3.80%,Policy holder age,Internal - Static Policy,H,H,-0.30%,5.00%,-1.40%
INCOME_SPLIT,"$100,000-$124,999",POLICYHOLDER_AGE,.,41,0.10%,35,4,2,85%,9.80%,4.90%,Policy holder age,Internal - Static Policy,H,H,-6.40%,55%,95%
AGE_SPLIT,49-52,POLICYHOLDER_AGE,.,26,0.10%,19,6,1,73%,23%,3.80%,Policy holder age,Internal - Static Policy,H,H,-22%,417%,107%
STATE_SPLIT,IL,POLICYHOLDER_AGE,(09):78<-81,"1,453",11%,"1,360",62,31,94%,4.30%,2.10%,Policy holder age,Internal - Static Policy,H,H,-0.30%,-0.50%,19%
AGE_SPLIT,62-66,POLICYHOLDER_AGE,(09):78<-81,"19,554",50%,"17,472","1,418",664,89%,7.30%,3.40%,Policy holder age,Internal - Static Policy,H,H,0.00%,-1.50%,2.90%
GENDER_SPLIT,UNKNOWN,POLICYHOLDER_AGE,.,239,100%,205,28,6,86%,12%,2.50%,Policy holder age,Internal - Static Policy,H,H,-0.10%,0.40%,0.40%
IFA_GROUP_STATE_PROD_SPLIT,OTHERTHANFULLAPPROVAL,POLICYHOLDER_AGE,.,121,0.10%,102,17,2,84%,14%,1.70%,Policy holder age,Internal - Static Policy,H,H,-7.40%,126%,-41%
IFA_GROUP_STATE_PROD_SPLIT,FULLAPPROVALW/PHASES,POLICYHOLDER_AGE,.,89,0.10%,79,6,4,89%,6.70%,4.50%,Policy holder age,Internal - Static Policy,H,H,-5.10%,52%,123%
AGE_SPLIT,60-62,POLICYHOLDER_AGE,(08):75<-78,"15,773",61%,"14,201","1,088",484,90%,6.90%,3.10%,Policy holder age,Internal - Static Policy,H,H,0.00%,-2.90%,5.50%
GENDER_SPLIT,Male,POLICYHOLDER_AGE,(09):78<-81,"8,846",8.50%,"7,956",592,298,90%,6.70%,3.40%,Policy holder age,Internal - Static Policy,H,H,-2.10%,22%,27%
IFA_GROUP_STATE_PROD_SPLIT,FULLAPPROVAL,POLICYHOLDER_AGE,.,29,0.20%,24,5,0,83%,17%,0.00%,Policy holder age,Internal - Static Policy,H,H,6.70%,7.40%,-100%
CUM_RATE_INCR_SPLIT,40-High,POLICYHOLDER_AGE,.,124,0.10%,109,15,0,88%,12%,0.00%,Policy holder age,Internal - Static Policy,H,H,-4.10%,109%,-100%
AGE_SPLIT,54-56,POLICYHOLDER_AGE,.,26,0.10%,24,1,1,92%,3.80%,3.80%,Policy holder age,Internal - Static Policy,H,H,-0.20%,-29%,85%
CUM_RATE_INCR_SPLIT,20-40,POLICYHOLDER_AGE,.,58,0.10%,47,9,2,81%,16%,3.40%,Policy holder age,Internal - Static Policy,H,H,-9.70%,121%,5.40%
CUM_RATE_INCR_SPLIT,0-20,POLICYHOLDER_AGE,.,57,0.10%,49,4,4,86%,7.00%,7.00%,Policy holder age,Internal - Static Policy,H,H,-6.90%,31%,204%
AGE_SPLIT,<49,POLICYHOLDER_AGE,.,37,0.10%,32,4,1,86%,11%,2.70%,Policy holder age,Internal - Static Policy,H,H,-7.60%,171%,14%
AGE_SPLIT,56-58,POLICYHOLDER_AGE,.,26,0.10%,23,3,0,88%,12%,0.00%,Policy holder age,Internal - Static Policy,H,H,-3.60%,93%,-100%
INCOME_SPLIT,"$125,000+",POLICYHOLDER_AGE,.,70,0.10%,59,11,0,84%,16%,0.00%,Policy holder age,Internal - Static Policy,H,H,-9.10%,189%,-100%
CUM_RATE_INCR_SPLIT,40-High,POLICYHOLDER_AGE,(08):75<-78,"16,406",12%,"14,794","1,121",491,90%,6.80%,3.00%,Policy holder age,Internal - Static Policy,H,H,-1.70%,18%,18%
INCOME_SPLIT,"$40,000-$59,999",POLICYHOLDER_AGE,(09):78<-81,"2,796",12%,"2,449",215,132,88%,7.70%,4.70%,Policy holder age,Internal - Static Policy,H,H,-2.40%,20%,23%
STATE_SPLIT,OTHERS,POLICYHOLDER_AGE,(01):Low-63,"21,009",10%,"19,665",836,508,94%,4.00%,2.40%,Policy holder age,Internal - Static Policy,H,H,2.50%,-33%,-11%
STATE_SPLIT,OTHERS,POLICYHOLDER_AGE,.,192,0.10%,164,24,4,85%,13%,2.10%,Policy holder age,Internal - Static Policy,H,H,-6.50%,111%,-24%
AGE_SPLIT,52-54,POLICYHOLDER_AGE,(01):Low-63,533,1.70%,510,13,10,96%,2.40%,1.90%,Policy holder age,Internal - Static Policy,H,H,2.90%,-51%,-7.30%
INCOME_SPLIT,"LESSTHAN$40,000",POLICYHOLDER_AGE,.,28,0.10%,24,2,2,86%,7.10%,7.10%,Policy holder age,Internal - Static Policy,H,H,-3.00%,3.20%,52%
RATE_INCR_SPLIT,<25,POLICYHOLDER_AGE,(01):Low-63,"26,349",12%,"25,157",754,438,95%,2.90%,1.70%,Policy holder age,Internal - Static Policy,H,H,2.20%,-37%,-17%
AGE_SPLIT,52-54,POLICYHOLDER_AGE,.,37,0.10%,35,2,0,95%,5.40%,0.00%,Policy holder age,Internal - Static Policy,H,H,1.70%,9.30%,-100%
INCOME_SPLIT,"LESSTHAN$40,000",POLICYHOLDER_AGE,(01):Low-63,"1,044",5.20%,961,47,36,92%,4.50%,3.40%,Policy holder age,Internal - Static Policy,H,H,4.10%,-35%,-27%
STATE_SPLIT,PA,POLICYHOLDER_AGE,(01):Low-63,"3,254",13%,"3,035",155,64,93%,4.80%,2.00%,Policy holder age,Internal - Static Policy,H,H,2.70%,-28%,-22%
DECISION_SPLIT,ALL,POLICYHOLDER_AGE,.,239,0.10%,205,28,6,86%,12%,2.50%,Policy holder age,Internal - Static Policy,H,H,-6.10%,95%,-6.20%
AGE_SPLIT,58-60,POLICYHOLDER_AGE,.,25,0.10%,20,4,1,80%,16%,4.00%,Policy holder age,Internal - Static Policy,H,H,-12%,140%,56%
AGE_SPLIT,>66,POLICYHOLDER_AGE,.,17,0.10%,13,3,1,76%,18%,5.90%,Policy holder age,Internal - Static Policy,H,H,-12%,114%,21%
AGE_SPLIT,62-66,POLICYHOLDER_AGE,.,24,0.10%,20,3,1,83%,13%,4.20%,Policy holder age,Internal - Static Policy,H,H,-6.70%,70%,26%
ALL,ALL,POLICYHOLDER_AGE,.,239,0.10%,205,28,6,86%,12%,2.50%,Policy holder age,Internal - Static Policy,H,H,-6.10%,95%,-6.20%
INCOME_SPLIT,"$60,000-$74,999",POLICYHOLDER_AGE,(03):66<-68,"2,280",8.40%,"2,096",122,62,92%,5.40%,2.70%,Policy holder age,Internal - Static Policy,H,H,2.10%,-21%,-16%
INCOME_SPLIT,"$40,000-$59,999",POLICYHOLDER_AGE,.,11,0.00%,8,2,1,73%,18%,9.10%,Policy holder age,Internal - Static Policy,H,H,-19%,185%,137%
AGE_SPLIT,60-62,POLICYHOLDER_AGE,.,21,0.10%,19,2,0,90%,9.50%,0.00%,Policy holder age,Internal - Static Policy,H,H,0.50%,34%,-100%
RATE_INCR_SPLIT,>=25,POLICYHOLDER_AGE,(01):Low-63,"7,563",11%,"6,655",577,331,88%,7.60%,4.40%,Policy holder age,Internal - Static Policy,H,H,4.80%,-31%,-11%
INCOME_SPLIT,"$75,000-$99,999",POLICYHOLDER_AGE,.,48,0.10%,43,4,1,90%,8.30%,2.10%,Policy holder age,Internal - Static Policy,H,H,-1.50%,36%,-28%
IFA_GROUP_STATE_PROD_SPLIT,FULLAPPROVALW/PHASES,POLICY_AGE_2,(05):13<-14,"16,870",16%,"16,264",378,228,96%,2.20%,1.40%,Policy age,Internal - Response,H,H,3.00%,-49%,-33%
AGE_SPLIT,54-56,POLICY_AGE_2,(06):14<-High,822,2.30%,781,30,11,95%,3.60%,1.30%,Policy age,Internal - Response,H,H,2.70%,-33%,-36%
CUM_RATE_INCR_SPLIT,0-20,POLICY_AGE_2,(05):13<-14,"4,119",5.50%,"3,872",162,85,94%,3.90%,2.10%,Policy age,Internal - Response,H,H,1.80%,-27%,-11%
IFA_GROUP_STATE_PROD_SPLIT,FULLAPPROVAL,POLICY_AGE_2,(06):14<-High,58,0.40%,58,0,0,100%,0.00%,0.00%,Policy age,Internal - Response,H,H,29%,-100%,-100%
RATE_INCR_SPLIT,>=25,POLICY_AGE_2,(05):13<-14,"7,483",11%,"6,506",625,352,87%,8.40%,4.70%,Policy age,Internal - Response,H,H,3.50%,-25%,-4.60%
INCOME_SPLIT,"LESSTHAN$40,000",POLICY_AGE_2,(05):13<-14,"3,454",17%,"3,147",170,137,91%,4.90%,4.00%,Policy age,Internal - Response,H,H,3.10%,-29%,-16%
AGE_SPLIT,58-60,POLICY_AGE_2,(06):14<-High,818,2.40%,769,38,11,94%,4.60%,1.30%,Policy age,Internal - Response,H,H,3.60%,-30%,-48%
INCOME_SPLIT,"$40,000-$59,999",POLICY_AGE_2,(05):13<-14,"3,812",17%,"3,505",179,128,92%,4.70%,3.40%,Policy age,Internal - Response,H,H,2.40%,-27%,-12%
INCOME_SPLIT,UNKNOWN,POLICY_AGE_2,(05):13<-14,"2,185",14%,"2,020",105,60,92%,4.80%,2.70%,Policy age,Internal - Response,H,H,1.30%,-18%,-3.00%
INCOME_SPLIT,"$75,000-$99,999",POLICY_AGE_2,(05):13<-14,"7,980",15%,"7,399",384,197,93%,4.80%,2.50%,Policy age,Internal - Response,H,H,1.90%,-22%,-15%
INCOME_SPLIT,"$125,000+",POLICY_AGE_2,(05):13<-14,"13,598",13%,"12,857",542,199,95%,4.00%,1.50%,Policy age,Internal - Response,H,H,2.00%,-27%,-21%
STATE_SPLIT,PA,POLICY_AGE_2,(06):14<-High,576,2.20%,536,31,9,93%,5.40%,1.60%,Policy age,Internal - Response,H,H,2.40%,-19%,-38%
STATE_SPLIT,IL,POLICY_AGE_2,(05):13<-14,"4,405",33%,"4,249",102,54,96%,2.30%,1.20%,Policy age,Internal - Response,H,H,2.70%,-46%,-32%
STATE_SPLIT,IL,POLICY_AGE_2,(06):14<-High,"1,012",7.50%,988,13,11,98%,1.30%,1.10%,Policy age,Internal - Response,H,H,4.00%,-70%,-40%
AGE_SPLIT,>66,POLICY_AGE_2,(05):13<-14,"5,131",17%,"4,613",295,223,90%,5.70%,4.30%,Policy age,Internal - Response,H,H,3.50%,-30%,-10%
RATE_INCR_SPLIT,>=25,POLICY_AGE_2,(06):14<-High,976,1.50%,863,65,48,88%,6.70%,4.90%,Policy age,Internal - Response,H,H,5.30%,-40%,-0.20%
INCOME_SPLIT,UNKNOWN,POLICY_AGE_2,(06):14<-High,344,2.20%,316,20,8,92%,5.80%,2.30%,Policy age,Internal - Response,H,H,0.60%,-1.10%,-18%
RATE_INCR_SPLIT,<25,POLICY_AGE_2,(06):14<-High,"6,097",2.70%,"5,789",219,89,95%,3.60%,1.50%,Policy age,Internal - Response,H,H,1.60%,-21%,-27%
INCOME_SPLIT,"$40,000-$59,999",POLICY_AGE_2,(06):14<-High,659,2.90%,623,25,11,95%,3.80%,1.70%,Policy age,Internal - Response,H,H,5.30%,-41%,-56%
INCOME_SPLIT,"$60,000-$74,999",POLICY_AGE_2,(06):14<-High,772,2.80%,724,32,16,94%,4.10%,2.10%,Policy age,Internal - Response,H,H,4.20%,-39%,-36%
AGE_SPLIT,>66,POLICY_AGE_2,(06):14<-High,883,2.90%,821,41,21,93%,4.60%,2.40%,Policy age,Internal - Response,H,H,7.00%,-44%,-51%
INCOME_SPLIT,"$125,000+",POLICY_AGE_2,(06):14<-High,"2,047",1.90%,"1,952",66,29,95%,3.20%,1.40%,Policy age,Internal - Response,H,H,2.90%,-41%,-24%
AGE_SPLIT,62-66,POLICY_AGE_2,(06):14<-High,"1,039",2.70%,962,54,23,93%,5.20%,2.20%,Policy age,Internal - Response,H,H,3.60%,-29%,-33%
IFA_GROUP_STATE_PROD_SPLIT,FULLAPPROVALW/PHASES,POLICY_AGE_2,(06):14<-High,"3,209",3.00%,"3,129",53,27,98%,1.70%,0.80%,Policy age,Internal - Response,H,H,4.20%,-63%,-58%
GENDER_SPLIT,Male,POLICY_AGE_2,(06):14<-High,"2,472",2.40%,"2,331",90,51,94%,3.60%,2.10%,Policy age,Internal - Response,H,H,2.60%,-33%,-22%
CUM_RATE_INCR_SPLIT,40-High,POLICY_AGE_2,(06):14<-High,"5,604",4.10%,"5,291",222,91,94%,4.00%,1.60%,Policy age,Internal - Response,H,H,3.00%,-31%,-36%
GENDER_SPLIT,Shared,POLICY_AGE_2,(06):14<-High,"1,063",2.80%,981,58,24,92%,5.50%,2.30%,Policy age,Internal - Response,H,H,4.80%,-39%,-24%
DECISION_SPLIT,ALL,POLICY_AGE_2,(06):14<-High,"7,073",2.40%,"6,652",284,137,94%,4.00%,1.90%,Policy age,Internal - Response,H,H,3.00%,-33%,-28%
ALL,ALL,POLICY_AGE_2,(06):14<-High,"7,073",2.40%,"6,652",284,137,94%,4.00%,1.90%,Policy age,Internal - Response,H,H,3.00%,-33%,-28%
GENDER_SPLIT,UNKNOWN,POLICY_AGE_2,(06):14<-High,5,2.10%,4,1,0,80%,20%,0.00%,Policy age,Internal - Response,H,H,-6.80%,71%,-100%
AGE_SPLIT,<49,POLICY_AGE_2,(05):13<-14,"3,239",10%,"3,103",97,39,96%,3.00%,1.20%,Policy age,Internal - Response,H,H,2.30%,-25%,-49%
STATE_SPLIT,OTHERS,POLICY_AGE_2,(06):14<-High,"5,343",2.50%,"4,995",233,115,93%,4.40%,2.20%,Policy age,Internal - Response,H,H,2.30%,-26%,-21%
AGE_SPLIT,60-62,POLICY_AGE_2,(06):14<-High,695,2.70%,649,32,14,93%,4.60%,2.00%,Policy age,Internal - Response,H,H,3.80%,-35%,-31%
AGE_SPLIT,52-54,POLICY_AGE_2,(06):14<-High,903,2.80%,863,26,14,96%,2.90%,1.60%,Policy age,Internal - Response,H,H,2.70%,-42%,-23%
STATE_SPLIT,CA,POLICY_AGE_2,(06):14<-High,142,0.50%,133,7,2,94%,4.90%,1.40%,Policy age,Internal - Response,H,H,0.70%,0.00%,-31%
STATE_SPLIT,PA,POLICY_AGE_2,(05):13<-14,"3,118",12%,"2,812",208,98,90%,6.70%,3.10%,Policy age,Internal - Response,H,H,-0.70%,0.50%,25%
DECISION_SPLIT,ALL,POLICY_AGE_2,(05):13<-14,"41,627",14%,"38,730","1,924",973,93%,4.60%,2.30%,Policy age,Internal - Response,H,H,1.90%,-23%,-13%
INCOME_SPLIT,"$100,000-$124,999",POLICY_AGE_2,(05):13<-14,"6,357",14%,"5,910",306,141,93%,4.80%,2.20%,Policy age,Internal - Response,H,H,1.90%,-23%,-11%
STATE_SPLIT,OTHERS,POLICY_AGE_2,(05):13<-14,"30,584",15%,"28,372","1,456",756,93%,4.80%,2.50%,Policy age,Internal - Response,H,H,1.60%,-20%,-9.40%
STATE_SPLIT,CA,POLICY_AGE_2,(05):13<-14,"3,516",12%,"3,293",158,65,94%,4.50%,1.80%,Policy age,Internal - Response,H,H,0.70%,-8.80%,-10%
STATE_SPLIT,TX,POLICY_AGE_2,(05):13<-14,4,0.00%,4,0,0,100%,0.00%,0.00%,Policy age,Internal - Response,H,H,19%,-100%,-100%
RATE_INCR_SPLIT,<25,POLICY_AGE_2,(05):13<-14,"34,144",15%,"32,224","1,299",621,94%,3.80%,1.80%,Policy age,Internal - Response,H,H,1.00%,-16%,-9.70%
AGE_SPLIT,56-58,POLICY_AGE_2,(06):14<-High,830,2.60%,783,27,20,94%,3.30%,2.40%,Policy age,Internal - Response,H,H,2.80%,-46%,7.80%
ALL,ALL,POLICY_AGE_2,(05):13<-14,"41,627",14%,"38,730","1,924",973,93%,4.60%,2.30%,Policy age,Internal - Response,H,H,1.90%,-23%,-13%
INCOME_SPLIT,"$60,000-$74,999",POLICY_AGE_2,(05):13<-14,"4,241",16%,"3,892",238,111,92%,5.60%,2.60%,Policy age,Internal - Response,H,H,1.90%,-17%,-19%
CUM_RATE_INCR_SPLIT,20-40,POLICY_AGE_2,(06):14<-High,"1,060",1.30%,982,45,33,93%,4.20%,3.10%,Policy age,Internal - Response,H,H,3.30%,-40%,-4.80%
AGE_SPLIT,<49,POLICY_AGE_2,(06):14<-High,446,1.40%,424,11,11,95%,2.50%,2.50%,Policy age,Internal - Response,H,H,1.50%,-38%,4.10%
IFA_GROUP_STATE_PROD_SPLIT,OTHERTHANFULLAPPROVAL,POLICY_AGE_2,(05):13<-14,"24,724",15%,"22,438","1,542",744,91%,6.20%,3.00%,Policy age,Internal - Response,H,H,-0.30%,0.50%,7.60%
CUM_RATE_INCR_SPLIT,0-20,POLICY_AGE_2,(06):14<-High,409,0.60%,379,17,13,93%,4.20%,3.20%,Policy age,Internal - Response,H,H,0.40%,-22%,38%
IFA_GROUP_STATE_PROD_SPLIT,FULLAPPROVAL,POLICY_AGE_2,(05):13<-14,33,0.20%,28,4,1,85%,12%,3.00%,Policy age,Internal - Response,H,H,9.30%,-24%,-52%
GENDER_SPLIT,Female,POLICY_AGE_2,(05):13<-14,"21,180",14%,"19,788",909,483,93%,4.30%,2.30%,Policy age,Internal - Response,H,H,1.80%,-24%,-13%
GENDER_SPLIT,Shared,POLICY_AGE_2,(05):13<-14,"5,863",15%,"5,322",402,139,91%,6.90%,2.40%,Policy age,Internal - Response,H,H,3.10%,-23%,-20%
GENDER_SPLIT,Male,POLICY_AGE_2,(05):13<-14,"14,549",14%,"13,589",609,351,93%,4.20%,2.40%,Policy age,Internal - Response,H,H,1.70%,-23%,-8.80%
IFA_GROUP_STATE_PROD_SPLIT,OTHERTHANFULLAPPROVAL,POLICY_AGE_2,(06):14<-High,"3,806",2.30%,"3,465",231,110,91%,6.10%,2.90%,Policy age,Internal - Response,H,H,0.00%,-2.20%,3.40%
CUM_RATE_INCR_SPLIT,40-High,POLICY_AGE_2,(05):13<-14,"29,269",22%,"27,376","1,252",641,94%,4.30%,2.20%,Policy age,Internal - Response,H,H,2.00%,-26%,-13%
AGE_SPLIT,60-62,POLICY_AGE_2,(05):13<-14,"3,998",15%,"3,684",230,84,92%,5.80%,2.10%,Policy age,Internal - Response,H,H,2.40%,-19%,-28%
IFA_GROUP_STATE_PROD_SPLIT,OTHERTHANFULLAPPROVAL,POLICY_AGE_2,(02):10<-11,"29,605",18%,"26,873","1,848",884,91%,6.20%,3.00%,Policy age,Internal - Response,H,H,-0.20%,0.60%,6.80%
AGE_SPLIT,54-56,POLICY_AGE_2,(05):13<-14,"4,791",13%,"4,506",197,88,94%,4.10%,1.80%,Policy age,Internal - Response,H,H,1.70%,-24%,-12%
AGE_SPLIT,52-54,POLICY_AGE_2,(05):13<-14,"4,706",15%,"4,464",158,84,95%,3.40%,1.80%,Policy age,Internal - Response,H,H,2.00%,-32%,-12%
AGE_SPLIT,58-60,POLICY_AGE_2,(05):13<-14,"5,047",15%,"4,652",270,125,92%,5.30%,2.50%,Policy age,Internal - Response,H,H,1.60%,-20%,-3.50%
STATE_SPLIT,TX,POLICY_AGE_2,(04):12<-13,674,6.20%,562,71,41,83%,11%,6.10%,Policy age,Internal - Response,H,H,-0.40%,-8.10%,26%
STATE_SPLIT,PA,POLICY_AGE_2,(04):12<-13,"4,077",16%,"3,690",295,92,91%,7.20%,2.30%,Policy age,Internal - Response,H,H,-0.40%,9.00%,-11%
INCOME_SPLIT,"LESSTHAN$40,000",POLICY_AGE_2,(02):10<-11,"3,318",16%,"2,824",287,207,85%,8.60%,6.20%,Policy age,Internal - Response,H,H,-3.70%,25%,33%
RATE_INCR_SPLIT,<25,POLICY_AGE_2,(02):10<-11,"36,886",16%,"34,050","1,973",863,92%,5.30%,2.30%,Policy age,Internal - Response,H,H,-1.20%,18%,16%
RATE_INCR_SPLIT,<25,POLICY_AGE_2,(04):12<-13,"60,860",27%,"57,249","2,530","1,081",94%,4.20%,1.80%,Policy age,Internal - Response,H,H,0.60%,-8.20%,-12%
INCOME_SPLIT,"$125,000+",POLICY_AGE_2,(04):12<-13,"25,933",24%,"24,363","1,167",403,94%,4.50%,1.60%,Policy age,Internal - Response,H,H,1.40%,-17%,-17%
AGE_SPLIT,49-52,POLICY_AGE_2,(05):13<-14,"3,705",12%,"3,529",120,56,95%,3.20%,1.50%,Policy age,Internal - Response,H,H,1.70%,-27%,-18%
STATE_SPLIT,OTHERS,POLICY_AGE_2,(02):10<-11,"39,017",19%,"34,901","2,814","1,302",89%,7.20%,3.30%,Policy age,Internal - Response,H,H,-2.10%,22%,22%
INCOME_SPLIT,"$100,000-$124,999",POLICY_AGE_2,(04):12<-13,"11,368",26%,"10,502",640,226,92%,5.60%,2.00%,Policy age,Internal - Response,H,H,1.30%,-10%,-20%
IFA_GROUP_STATE_PROD_SPLIT,OTHERTHANFULLAPPROVAL,POLICY_AGE_2,(04):12<-13,"40,130",24%,"36,648","2,457","1,025",91%,6.10%,2.60%,Policy age,Internal - Response,H,H,0.40%,-1.40%,-8.70%
STATE_SPLIT,TX,POLICY_AGE_2,(02):10<-11,"3,562",33%,"2,991",417,154,84%,12%,4.30%,Policy age,Internal - Response,H,H,0.30%,2.10%,-11%
IFA_GROUP_STATE_PROD_SPLIT,FULLAPPROVALW/PHASES,POLICY_AGE_2,(04):12<-13,"32,701",30%,"31,029","1,146",526,95%,3.50%,1.60%,Policy age,Internal - Response,H,H,1.40%,-21%,-20%
GENDER_SPLIT,Male,POLICY_AGE_2,(04):12<-13,"25,843",25%,"24,096","1,191",556,93%,4.60%,2.20%,Policy age,Internal - Response,H,H,1.50%,-16%,-19%
AGE_SPLIT,56-58,POLICY_AGE_2,(03):11<-12,"7,752",25%,"7,130",450,172,92%,5.80%,2.20%,Policy age,Internal - Response,H,H,0.20%,-2.90%,-0.70%
CUM_RATE_INCR_SPLIT,40-High,POLICY_AGE_2,(04):12<-13,"43,046",32%,"40,432","1,841",773,94%,4.30%,1.80%,Policy age,Internal - Response,H,H,2.40%,-26%,-29%
GENDER_SPLIT,Female,POLICY_AGE_2,(04):12<-13,"37,290",25%,"34,716","1,764",810,93%,4.70%,2.20%,Policy age,Internal - Response,H,H,1.50%,-16%,-17%
DECISION_SPLIT,ALL,POLICY_AGE_2,(04):12<-13,"73,812",25%,"68,467","3,737","1,608",93%,5.10%,2.20%,Policy age,Internal - Response,H,H,1.60%,-16%,-19%
ALL,ALL,POLICY_AGE_2,(03):11<-12,"72,794",25%,"66,519","4,362","1,913",91%,6.00%,2.60%,Policy age,Internal - Response,H,H,0.10%,-0.40%,-1.90%
AGE_SPLIT,>66,POLICY_AGE_2,(04):12<-13,"8,138",27%,"7,254",566,318,89%,7.00%,3.90%,Policy age,Internal - Response,H,H,2.60%,-16%,-19%
AGE_SPLIT,60-62,POLICY_AGE_2,(04):12<-13,"6,555",25%,"6,030",368,157,92%,5.60%,2.40%,Policy age,Internal - Response,H,H,2.20%,-21%,-18%
AGE_SPLIT,62-66,POLICY_AGE_2,(04):12<-13,"10,312",27%,"9,429",608,275,91%,5.90%,2.70%,Policy age,Internal - Response,H,H,2.30%,-20%,-19%
AGE_SPLIT,58-60,POLICY_AGE_2,(04):12<-13,"8,706",26%,"8,028",500,178,92%,5.70%,2.00%,Policy age,Internal - Response,H,H,1.60%,-14%,-20%
AGE_SPLIT,<49,POLICY_AGE_2,(04):12<-13,"7,391",23%,"6,991",248,152,95%,3.40%,2.10%,Policy age,Internal - Response,H,H,1.00%,-16%,-13%
AGE_SPLIT,56-58,POLICY_AGE_2,(04):12<-13,"7,837",25%,"7,256",432,149,93%,5.50%,1.90%,Policy age,Internal - Response,H,H,0.90%,-7.80%,-15%
INCOME_SPLIT,UNKNOWN,POLICY_AGE_2,(03):11<-12,"3,800",24%,"3,466",225,109,91%,5.90%,2.90%,Policy age,Internal - Response,H,H,-0.10%,0.70%,1.40%
AGE_SPLIT,52-54,POLICY_AGE_2,(04):12<-13,"8,169",26%,"7,733",316,120,95%,3.90%,1.50%,Policy age,Internal - Response,H,H,1.80%,-22%,-27%
GENDER_SPLIT,Shared,POLICY_AGE_2,(03):11<-12,"10,380",27%,"9,148",929,303,88%,8.90%,2.90%,Policy age,Internal - Response,H,H,0.10%,0.00%,-1.60%
STATE_SPLIT,OTHERS,POLICY_AGE_2,(03):11<-12,"57,657",27%,"53,009","3,194","1,454",92%,5.50%,2.50%,Policy age,Internal - Response,H,H,0.60%,-6.50%,-7.60%
IFA_GROUP_STATE_PROD_SPLIT,FULLAPPROVALW/PHASES,POLICY_AGE_2,(03):11<-12,"30,278",28%,"28,201","1,442",635,93%,4.80%,2.10%,Policy age,Internal - Response,H,H,-0.40%,7.70%,4.00%
STATE_SPLIT,TX,POLICY_AGE_2,(03):11<-12,"3,129",29%,"2,577",391,161,82%,12%,5.10%,Policy age,Internal - Response,H,H,-1.60%,9.00%,6.40%
STATE_SPLIT,IL,POLICY_AGE_2,(03):11<-12,"2,384",18%,"2,169",154,61,91%,6.50%,2.60%,Policy age,Internal - Response,H,H,-3.10%,51%,42%
INCOME_SPLIT,"$100,000-$124,999",POLICY_AGE_2,(03):11<-12,"11,282",25%,"10,387",658,237,92%,5.80%,2.10%,Policy age,Internal - Response,H,H,0.90%,-7.10%,-16%
RATE_INCR_SPLIT,>=25,POLICY_AGE_2,(03):11<-12,"15,633",24%,"13,204","1,692",737,84%,11%,4.70%,Policy age,Internal - Response,H,H,0.60%,-2.30%,-4.40%
INCOME_SPLIT,"$125,000+",POLICY_AGE_2,(03):11<-12,"26,351",24%,"24,533","1,366",452,93%,5.20%,1.70%,Policy age,Internal - Response,H,H,0.40%,-4.80%,-8.00%
IFA_GROUP_STATE_PROD_SPLIT,FULLAPPROVAL,POLICY_AGE_2,(03):11<-12,"3,890",28%,"3,052",590,248,78%,15%,6.40%,Policy age,Internal - Response,H,H,1.10%,-5.50%,0.30%
AGE_SPLIT,52-54,POLICY_AGE_2,(03):11<-12,"7,860",25%,"7,323",389,148,93%,4.90%,1.90%,Policy age,Internal - Response,H,H,0.10%,0.10%,-6.90%
GENDER_SPLIT,Female,POLICY_AGE_2,(03):11<-12,"36,739",25%,"33,740","2,041",958,92%,5.60%,2.60%,Policy age,Internal - Response,H,H,0.10%,-1.40%,-0.60%
CUM_RATE_INCR_SPLIT,0-20,POLICY_AGE_2,(03):11<-12,"19,814",27%,"18,144","1,177",493,92%,5.90%,2.50%,Policy age,Internal - Response,H,H,-0.80%,11%,7.90%
ALL,ALL,POLICY_AGE_2,(04):12<-13,"73,812",25%,"68,467","3,737","1,608",93%,5.10%,2.20%,Policy age,Internal - Response,H,H,1.60%,-16%,-19%
AGE_SPLIT,>66,POLICY_AGE_2,(03):11<-12,"7,790",26%,"6,726",685,379,86%,8.80%,4.90%,Policy age,Internal - Response,H,H,-0.60%,6.50%,0.40%
CUM_RATE_INCR_SPLIT,40-High,POLICY_AGE_2,(03):11<-12,"31,094",23%,"28,768","1,635",691,93%,5.30%,2.20%,Policy age,Internal - Response,H,H,0.90%,-9.10%,-12%
AGE_SPLIT,<49,POLICY_AGE_2,(03):11<-12,"7,853",25%,"7,402",282,169,94%,3.60%,2.20%,Policy age,Internal - Response,H,H,0.70%,-10%,-9.20%
AGE_SPLIT,62-66,POLICY_AGE_2,(03):11<-12,"9,803",25%,"8,727",752,324,89%,7.70%,3.30%,Policy age,Internal - Response,H,H,-0.40%,4.20%,0.20%
GENDER_SPLIT,UNKNOWN,POLICY_AGE_2,(03):11<-12,65,27%,52,9,4,80%,14%,6.20%,Policy age,Internal - Response,H,H,-6.80%,19%,146%
STATE_SPLIT,PA,POLICY_AGE_2,(03):11<-12,"5,857",23%,"5,310",400,147,91%,6.80%,2.50%,Policy age,Internal - Response,H,H,-0.20%,2.90%,-0.60%
AGE_SPLIT,58-60,POLICY_AGE_2,(03):11<-12,"8,451",25%,"7,691",540,220,91%,6.40%,2.60%,Policy age,Internal - Response,H,H,0.30%,-4.30%,1.40%
GENDER_SPLIT,Male,POLICY_AGE_2,(03):11<-12,"25,610",25%,"23,579","1,383",648,92%,5.40%,2.50%,Policy age,Internal - Response,H,H,0.20%,-1.30%,-4.40%
AGE_SPLIT,49-52,POLICY_AGE_2,(04):12<-13,"7,641",25%,"7,260",270,111,95%,3.50%,1.50%,Policy age,Internal - Response,H,H,1.40%,-21%,-22%
RATE_INCR_SPLIT,>=25,POLICY_AGE_2,(04):12<-13,"12,952",20%,"11,218","1,207",527,87%,9.30%,4.10%,Policy age,Internal - Response,H,H,3.10%,-16%,-17%
INCOME_SPLIT,UNKNOWN,POLICY_AGE_2,(04):12<-13,"3,769",24%,"3,494",189,86,93%,5.00%,2.30%,Policy age,Internal - Response,H,H,1.50%,-15%,-19%
INCOME_SPLIT,"LESSTHAN$40,000",POLICY_AGE_2,(04):12<-13,"5,553",28%,"4,985",354,214,90%,6.40%,3.90%,Policy age,Internal - Response,H,H,1.60%,-7.90%,-18%
AGE_SPLIT,54-56,POLICY_AGE_2,(03):11<-12,"9,012",25%,"8,402",449,161,93%,5.00%,1.80%,Policy age,Internal - Response,H,H,0.80%,-8.20%,-14%
AGE_SPLIT,54-56,POLICY_AGE_2,(04):12<-13,"9,063",25%,"8,486",429,148,94%,4.70%,1.60%,Policy age,Internal - Response,H,H,1.20%,-13%,-22%
DECISION_SPLIT,ALL,POLICY_AGE_2,(03):11<-12,"72,794",25%,"66,519","4,362","1,913",91%,6.00%,2.60%,Policy age,Internal - Response,H,H,0.10%,-0.40%,-1.90%
AGE_SPLIT,49-52,POLICY_AGE_2,(03):11<-12,"7,776",25%,"7,288",351,137,94%,4.50%,1.80%,Policy age,Internal - Response,H,H,0.00%,1.20%,-5.00%
INCOME_SPLIT,"$125,000+",POLICY_AGE_2,(02):10<-11,"20,380",19%,"18,568","1,366",446,91%,6.70%,2.20%,Policy age,Internal - Response,H,H,-1.70%,23%,17%
IFA_GROUP_STATE_PROD_SPLIT,FULLAPPROVAL,POLICY_AGE_2,(04):12<-13,981,6.90%,790,134,57,81%,14%,5.80%,Policy age,Internal - Response,H,H,3.80%,-15%,-8.60%
STATE_SPLIT,PA,POLICY_AGE_2,(02):10<-11,"5,450",21%,"4,956",352,142,91%,6.50%,2.60%,Policy age,Internal - Response,H,H,0.10%,-2.70%,3.20%
STATE_SPLIT,OTHERS,POLICY_AGE_2,(04):12<-13,"58,417",28%,"54,401","2,751","1,265",93%,4.70%,2.20%,Policy age,Internal - Response,H,H,1.90%,-21%,-21%
INCOME_SPLIT,"$40,000-$59,999",POLICY_AGE_2,(02):10<-11,"3,876",17%,"3,357",316,203,87%,8.20%,5.20%,Policy age,Internal - Response,H,H,-3.50%,28%,37%
IFA_GROUP_STATE_PROD_SPLIT,OTHERTHANFULLAPPROVAL,POLICY_AGE_2,(03):11<-12,"38,626",23%,"35,266","2,330","1,030",91%,6.00%,2.70%,Policy age,Internal - Response,H,H,0.30%,-2.80%,-4.60%
GENDER_SPLIT,Shared,POLICY_AGE_2,(04):12<-13,"10,619",28%,"9,599",778,242,90%,7.30%,2.30%,Policy age,Internal - Response,H,H,2.60%,-18%,-23%
INCOME_SPLIT,"$60,000-$74,999",POLICY_AGE_2,(02):10<-11,"4,808",18%,"4,260",368,180,89%,7.70%,3.70%,Policy age,Internal - Response,H,H,-1.60%,13%,16%
RATE_INCR_SPLIT,>=25,POLICY_AGE_2,(02):10<-11,"15,517",23%,"12,802","1,881",834,83%,12%,5.40%,Policy age,Internal - Response,H,H,-1.80%,9.50%,9.00%
INCOME_SPLIT,"$40,000-$59,999",POLICY_AGE_2,(04):12<-13,"6,229",27%,"5,755",293,181,92%,4.70%,2.90%,Policy age,Internal - Response,H,H,2.90%,-26%,-24%
GENDER_SPLIT,UNKNOWN,POLICY_AGE_2,(04):12<-13,60,25%,56,4,0,93%,6.70%,0.00%,Policy age,Internal - Response,H,H,8.70%,-43%,-100%
INCOME_SPLIT,"$60,000-$74,999",POLICY_AGE_2,(04):12<-13,"7,273",27%,"6,660",423,190,92%,5.80%,2.60%,Policy age,Internal - Response,H,H,1.70%,-14%,-19%
CUM_RATE_INCR_SPLIT,20-40,POLICY_AGE_2,(03):11<-12,"21,886",27%,"19,607","1,550",729,90%,7.10%,3.30%,Policy age,Internal - Response,H,H,-0.10%,0.80%,1.80%
STATE_SPLIT,CA,POLICY_AGE_2,(02):10<-11,"4,106",14%,"3,758",255,93,92%,6.20%,2.30%,Policy age,Internal - Response,H,H,-1.60%,26%,10%
AGE_SPLIT,56-58,POLICY_AGE_2,(05):13<-14,"4,714",15%,"4,438",196,80,94%,4.20%,1.70%,Policy age,Internal - Response,H,H,2.60%,-30%,-24%
INCOME_SPLIT,"LESSTHAN$40,000",POLICY_AGE_2,(03):11<-12,"5,192",26%,"4,582",355,255,88%,6.80%,4.90%,Policy age,Internal - Response,H,H,-0.10%,-1.20%,4.60%
INCOME_SPLIT,UNKNOWN,POLICY_AGE_2,(02):10<-11,"2,759",18%,"2,481",190,88,90%,6.90%,3.20%,Policy age,Internal - Response,H,H,-1.50%,17%,13%
INCOME_SPLIT,"$75,000-$99,999",POLICY_AGE_2,(04):12<-13,"13,687",26%,"12,708",671,308,93%,4.90%,2.30%,Policy age,Internal - Response,H,H,2.10%,-20%,-22%
STATE_SPLIT,IL,POLICY_AGE_2,(04):12<-13,"5,130",38%,"4,749",281,100,93%,5.50%,1.90%,Policy age,Internal - Response,H,H,-1.40%,28%,8.30%
INCOME_SPLIT,"$40,000-$59,999",POLICY_AGE_2,(03):11<-12,"5,889",25%,"5,222",436,231,89%,7.40%,3.90%,Policy age,Internal - Response,H,H,-1.20%,16%,2.40%
INCOME_SPLIT,"$75,000-$99,999",POLICY_AGE_2,(02):10<-11,"9,189",18%,"8,152",721,316,89%,7.80%,3.40%,Policy age,Internal - Response,H,H,-2.50%,28%,19%
STATE_SPLIT,CA,POLICY_AGE_2,(04):12<-13,"5,514",19%,"5,065",339,110,92%,6.10%,2.00%,Policy age,Internal - Response,H,H,-1.20%,25%,-2.90%
INCOME_SPLIT,"$75,000-$99,999",POLICY_AGE_2,(03):11<-12,"13,418",26%,"12,163",844,411,91%,6.30%,3.10%,Policy age,Internal - Response,H,H,-0.40%,2.60%,5.90%
AGE_SPLIT,62-66,POLICY_AGE_2,(05):13<-14,"6,296",16%,"5,741",361,194,91%,5.70%,3.10%,Policy age,Internal - Response,H,H,2.10%,-22%,-6.60%
INCOME_SPLIT,"$60,000-$74,999",POLICY_AGE_2,(03):11<-12,"6,862",25%,"6,166",478,218,90%,7.00%,3.20%,Policy age,Internal - Response,H,H,-0.20%,3.00%,-1.30%
INCOME_SPLIT,"$100,000-$124,999",POLICY_AGE_2,(02):10<-11,"8,073",18%,"7,210",606,257,89%,7.50%,3.20%,Policy age,Internal - Response,H,H,-2.10%,20%,27%
RATE_INCR_SPLIT,<25,POLICY_AGE_2,(03):11<-12,"57,161",25%,"53,315","2,670","1,176",93%,4.70%,2.10%,Policy age,Internal - Response,H,H,-0.20%,3.20%,2.20%
IFA_GROUP_STATE_PROD_SPLIT,FULLAPPROVALW/PHASES,POLICY_AGE_2,(02):10<-11,"17,511",16%,"15,870","1,164",477,91%,6.60%,2.70%,Policy age,Internal - Response,H,H,-3.10%,50%,35%
STATE_SPLIT,IL,POLICY_AGE_2,(02):10<-11,268,2.00%,246,16,6,92%,6.00%,2.20%,Policy age,Internal - Response,H,H,-2.30%,39%,24%
IFA_GROUP_STATE_PROD_SPLIT,FULLAPPROVAL,POLICY_AGE_2,(02):10<-11,"5,287",37%,"4,109",842,336,78%,16%,6.40%,Policy age,Internal - Response,H,H,0.20%,-0.80%,0.00%
GENDER_SPLIT,UNKNOWN,POLICY_AGE_2,(02):10<-11,49,20%,42,6,1,86%,12%,2.00%,Policy age,Internal - Response,H,H,-0.10%,5.00%,-18%
GENDER_SPLIT,Shared,POLICY_AGE_2,(02):10<-11,"6,716",18%,"5,704",757,255,85%,11%,3.80%,Policy age,Internal - Response,H,H,-3.60%,26%,28%
GENDER_SPLIT,Male,POLICY_AGE_2,(02):10<-11,"18,839",18%,"16,983","1,260",596,90%,6.70%,3.20%,Policy age,Internal - Response,H,H,-1.90%,22%,20%
GENDER_SPLIT,Female,POLICY_AGE_2,(02):10<-11,"26,799",18%,"24,123","1,831",845,90%,6.80%,3.20%,Policy age,Internal - Response,H,H,-1.90%,21%,20%
DECISION_SPLIT,ALL,POLICY_AGE_2,(02):10<-11,"52,403",18%,"46,852","3,854","1,697",89%,7.40%,3.20%,Policy age,Internal - Response,H,H,-2.10%,22%,21%
CUM_RATE_INCR_SPLIT,40-High,POLICY_AGE_2,(02):10<-11,"14,859",11%,"12,839","1,413",607,86%,9.50%,4.10%,Policy age,Internal - Response,H,H,-5.80%,64%,61%
AGE_SPLIT,60-62,POLICY_AGE_2,(03):11<-12,"6,497",25%,"5,830",464,203,90%,7.10%,3.10%,Policy age,Internal - Response,H,H,-0.30%,0.60%,7.50%
STATE_SPLIT,CA,POLICY_AGE_2,(03):11<-12,"3,767",13%,"3,454",223,90,92%,5.90%,2.40%,Policy age,Internal - Response,H,H,-1.40%,20%,16%
AGE_SPLIT,>66,POLICY_AGE_2,(02):10<-11,"4,989",17%,"4,119",551,319,83%,11%,6.40%,Policy age,Internal - Response,H,H,-5.00%,34%,32%
AGE_SPLIT,52-54,POLICY_AGE_2,(02):10<-11,"5,606",18%,"5,104",356,146,91%,6.40%,2.60%,Policy age,Internal - Response,H,H,-2.10%,28%,29%
AGE_SPLIT,<49,POLICY_AGE_2,(02):10<-11,"6,452",20%,"5,969",299,184,93%,4.60%,2.90%,Policy age,Internal - Response,H,H,-1.20%,16%,20%
INCOME_SPLIT,"$100,000-$124,999",POLICY_AGE_2,(06):14<-High,"1,130",2.60%,"1,050",55,25,93%,4.90%,2.20%,Policy age,Internal - Response,H,H,1.90%,-22%,-11%
AGE_SPLIT,60-62,POLICY_AGE_2,(02):10<-11,"4,553",18%,"4,013",390,150,88%,8.60%,3.30%,Policy age,Internal - Response,H,H,-2.10%,21%,13%
CUM_RATE_INCR_SPLIT,20-40,POLICY_AGE_2,(01):Low-10,"14,108",18%,"12,496","1,133",479,89%,8.00%,3.40%,Policy age,Internal - Response,H,H,-1.30%,14%,3.80%
AGE_SPLIT,56-58,POLICY_AGE_2,(02):10<-11,"5,571",18%,"5,010",419,142,90%,7.50%,2.50%,Policy age,Internal - Response,H,H,-2.00%,26%,14%
AGE_SPLIT,54-56,POLICY_AGE_2,(02):10<-11,"6,546",18%,"5,984",396,166,91%,6.00%,2.50%,Policy age,Internal - Response,H,H,-1.20%,12%,22%
INCOME_SPLIT,"LESSTHAN$40,000",POLICY_AGE_2,(01):Low-10,"1,978",9.80%,"1,671",191,116,84%,9.70%,5.90%,Policy age,Internal - Response,H,H,-4.40%,40%,25%
AGE_SPLIT,49-52,POLICY_AGE_2,(02):10<-11,"6,053",19%,"5,594",316,143,92%,5.20%,2.40%,Policy age,Internal - Response,H,H,-1.40%,17%,27%
STATE_SPLIT,OTHERS,POLICY_AGE_2,(01):Low-10,"19,743",9.40%,"16,842","2,042",859,85%,10%,4.40%,Policy age,Internal - Response,H,H,-6.60%,75%,59%
GENDER_SPLIT,UNKNOWN,POLICY_AGE_2,(05):13<-14,35,15%,31,4,0,89%,11%,0.00%,Policy age,Internal - Response,H,H,3.20%,-2.00%,-100%
STATE_SPLIT,IL,POLICY_AGE_2,(01):Low-10,304,2.30%,280,13,11,92%,4.30%,3.60%,Policy age,Internal - Response,H,H,-1.90%,-0.30%,101%
STATE_SPLIT,CA,POLICY_AGE_2,(01):Low-10,"12,458",42%,"11,740",472,246,94%,3.80%,2.00%,Policy age,Internal - Response,H,H,1.30%,-23%,-3.90%
RATE_INCR_SPLIT,<25,POLICY_AGE_2,(01):Low-10,"29,036",13%,"26,896","1,457",683,93%,5.00%,2.40%,Policy age,Internal - Response,H,H,-0.90%,11%,17%
CUM_RATE_INCR_SPLIT,20-40,POLICY_AGE_2,(05):13<-14,"8,239",10%,"7,482",510,247,91%,6.20%,3.00%,Policy age,Internal - Response,H,H,1.20%,-12%,-8.30%
AGE_SPLIT,49-52,POLICY_AGE_2,(06):14<-High,637,2.10%,600,25,12,94%,3.90%,1.90%,Policy age,Internal - Response,H,H,0.50%,-12%,1.60%
INCOME_SPLIT,UNKNOWN,POLICY_AGE_2,(01):Low-10,"2,656",17%,"2,385",183,88,90%,6.90%,3.30%,Policy age,Internal - Response,H,H,-1.60%,17%,17%
INCOME_SPLIT,"$75,000-$99,999",POLICY_AGE_2,(01):Low-10,"6,623",13%,"5,829",542,252,88%,8.20%,3.80%,Policy age,Internal - Response,H,H,-3.30%,33%,32%
INCOME_SPLIT,"$40,000-$59,999",POLICY_AGE_2,(01):Low-10,"2,635",11%,"2,277",227,131,86%,8.60%,5.00%,Policy age,Internal - Response,H,H,-3.70%,35%,30%
INCOME_SPLIT,"$100,000-$124,999",POLICY_AGE_2,(01):Low-10,"6,079",14%,"5,344",515,220,88%,8.50%,3.60%,Policy age,Internal - Response,H,H,-3.60%,35%,45%
IFA_GROUP_STATE_PROD_SPLIT,FULLAPPROVALW/PHASES,POLICY_AGE_2,(01):Low-10,"8,085",7.40%,"7,165",622,298,89%,7.70%,3.70%,Policy age,Internal - Response,H,H,-5.30%,74%,83%
IFA_GROUP_STATE_PROD_SPLIT,OTHERTHANFULLAPPROVAL,POLICY_AGE_2,(01):Low-10,"30,665",18%,"27,779","1,994",892,91%,6.50%,2.90%,Policy age,Internal - Response,H,H,-0.40%,4.70%,4.00%
GENDER_SPLIT,UNKNOWN,POLICY_AGE_2,(01):Low-10,26,11%,21,4,1,81%,15%,3.80%,Policy age,Internal - Response,H,H,-5.90%,32%,54%
GENDER_SPLIT,Male,POLICY_AGE_2,(01):Low-10,"16,288",16%,"14,614","1,134",540,90%,7.00%,3.30%,Policy age,Internal - Response,H,H,-2.40%,27%,25%
GENDER_SPLIT,Female,POLICY_AGE_2,(01):Low-10,"22,719",15%,"20,309","1,677",733,89%,7.40%,3.20%,Policy age,Internal - Response,H,H,-2.60%,31%,23%
CUM_RATE_INCR_SPLIT,40-High,POLICY_AGE_2,(01):Low-10,"11,843",8.70%,"9,729","1,484",630,82%,13%,5.30%,Policy age,Internal - Response,H,H,-10%,117%,110%
CUM_RATE_INCR_SPLIT,20-40,POLICY_AGE_2,.,1,0.00%,1,0,0,100%,0.00%,0.00%,Policy age,Internal - Response,H,H,11%,-100%,-100%
CUM_RATE_INCR_SPLIT,0-20,POLICY_AGE_2,(01):Low-10,"16,682",22%,"15,648",697,337,94%,4.20%,2.00%,Policy age,Internal - Response,H,H,1.60%,-22%,-12%
AGE_SPLIT,<49,POLICY_AGE_2,(01):Low-10,"6,479",20%,"5,943",336,200,92%,5.20%,3.10%,Policy age,Internal - Response,H,H,-2.00%,30%,30%
DECISION_SPLIT,ALL,POLICY_AGE_2,.,1,0.00%,1,0,0,100%,0.00%,0.00%,Policy age,Internal - Response,H,H,9.50%,-100%,-100%
ALL,ALL,POLICY_AGE_2,(01):Low-10,"42,633",15%,"37,873","3,314","1,446",89%,7.80%,3.40%,Policy age,Internal - Response,H,H,-2.70%,29%,27%
GENDER_SPLIT,Female,POLICY_AGE_2,.,1,0.00%,1,0,0,100%,0.00%,0.00%,Policy age,Internal - Response,H,H,9.00%,-100%,-100%
AGE_SPLIT,>66,POLICY_AGE_2,(01):Low-10,"3,143",10%,"2,601",345,197,83%,11%,6.30%,Policy age,Internal - Response,H,H,-4.80%,33%,29%
AGE_SPLIT,54-56,POLICY_AGE_2,(01):Low-10,"5,432",15%,"4,830",434,168,89%,8.00%,3.10%,Policy age,Internal - Response,H,H,-3.90%,47%,49%
AGE_SPLIT,60-62,POLICY_AGE_2,(01):Low-10,"3,565",14%,"3,068",353,144,86%,9.90%,4.00%,Policy age,Internal - Response,H,H,-4.40%,39%,39%
INCOME_SPLIT,UNKNOWN,POLICY_AGE_2,.,1,0.00%,1,0,0,100%,0.00%,0.00%,Policy age,Internal - Response,H,H,9.50%,-100%,-100%
AGE_SPLIT,58-60,POLICY_AGE_2,(01):Low-10,"4,781",14%,"4,217",408,156,88%,8.50%,3.30%,Policy age,Internal - Response,H,H,-2.80%,28%,27%
AGE_SPLIT,62-66,POLICY_AGE_2,(01):Low-10,"4,580",12%,"3,944",445,191,86%,9.70%,4.20%,Policy age,Internal - Response,H,H,-3.60%,32%,26%
IFA_GROUP_STATE_PROD_SPLIT,OTHERTHANFULLAPPROVAL,POLICY_AGE_2,.,1,0.00%,1,0,0,100%,0.00%,0.00%,Policy age,Internal - Response,H,H,9.90%,-100%,-100%
ALL,ALL,POLICY_AGE_2,.,1,0.00%,1,0,0,100%,0.00%,0.00%,Policy age,Internal - Response,H,H,9.50%,-100%,-100%
GENDER_SPLIT,Shared,POLICY_AGE_2,(01):Low-10,"3,600",9.40%,"2,929",499,172,81%,14%,4.80%,Policy age,Internal - Response,H,H,-7.60%,55%,61%
STATE_SPLIT,PA,POLICY_AGE_2,(01):Low-10,"6,638",26%,"6,056",421,161,91%,6.30%,2.40%,Policy age,Internal - Response,H,H,0.40%,-4.50%,-3.90%
STATE_SPLIT,TX,POLICY_AGE_2,(01):Low-10,"3,490",32%,"2,955",366,169,85%,10%,4.80%,Policy age,Internal - Response,H,H,1.20%,-8.50%,0.20%
RATE_INCR_SPLIT,>=25,POLICY_AGE_2,(01):Low-10,"13,597",21%,"10,977","1,857",763,81%,14%,5.60%,Policy age,Internal - Response,H,H,-3.90%,23%,14%
INCOME_SPLIT,"$75,000-$99,999",POLICY_AGE_2,(06):14<-High,"1,447",2.80%,"1,370",47,30,95%,3.20%,2.10%,Policy age,Internal - Response,H,H,4.10%,-47%,-28%
GENDER_SPLIT,Female,POLICY_AGE_2,(06):14<-High,"3,533",2.40%,"3,336",135,62,94%,3.80%,1.80%,Policy age,Internal - Response,H,H,2.90%,-32%,-33%
INCOME_SPLIT,"LESSTHAN$40,000",POLICY_AGE_2,(06):14<-High,674,3.30%,617,39,18,92%,5.80%,2.70%,Policy age,Internal - Response,H,H,3.60%,-16%,-43%
CUM_RATE_INCR_SPLIT,20-40,POLICY_AGE_2,(04):12<-13,"16,476",21%,"14,887","1,107",482,90%,6.70%,2.90%,Policy age,Internal - Response,H,H,0.70%,-4.40%,-11%
AGE_SPLIT,60-62,POLICY_AGE_2,.,1,0.00%,1,0,0,100%,0.00%,0.00%,Policy age,Internal - Response,H,H,11%,-100%,-100%
AGE_SPLIT,58-60,POLICY_AGE_2,(02):10<-11,"5,924",18%,"5,252",496,176,89%,8.40%,3.00%,Policy age,Internal - Response,H,H,-2.30%,25%,16%
AGE_SPLIT,62-66,POLICY_AGE_2,(02):10<-11,"6,709",17%,"5,807",631,271,87%,9.40%,4.00%,Policy age,Internal - Response,H,H,-3.10%,28%,22%
CUM_RATE_INCR_SPLIT,0-20,POLICY_AGE_2,(02):10<-11,"18,972",26%,"17,399","1,141",432,92%,6.00%,2.30%,Policy age,Internal - Response,H,H,-0.70%,12%,-1.30%
ALL,ALL,POLICY_AGE_2,(02):10<-11,"52,403",18%,"46,852","3,854","1,697",89%,7.40%,3.20%,Policy age,Internal - Response,H,H,-2.10%,22%,21%
RATE_INCR_SPLIT,<25,POLICY_AGE_2,.,1,0.00%,1,0,0,100%,0.00%,0.00%,Policy age,Internal - Response,H,H,7.00%,-100%,-100%
INCOME_SPLIT,"$60,000-$74,999",POLICY_AGE_2,(01):Low-10,"3,229",12%,"2,770",299,160,86%,9.30%,5.00%,Policy age,Internal - Response,H,H,-4.70%,37%,54%
AGE_SPLIT,49-52,POLICY_AGE_2,(01):Low-10,"5,248",17%,"4,827",304,117,92%,5.80%,2.20%,Policy age,Internal - Response,H,H,-1.80%,30%,20%
INCOME_SPLIT,"$125,000+",POLICY_AGE_2,(01):Low-10,"19,433",18%,"17,597","1,357",479,91%,7.00%,2.50%,Policy age,Internal - Response,H,H,-2.30%,28%,32%
DECISION_SPLIT,ALL,POLICY_AGE_2,(01):Low-10,"42,633",15%,"37,873","3,314","1,446",89%,7.80%,3.40%,Policy age,Internal - Response,H,H,-2.70%,29%,27%
CUM_RATE_INCR_SPLIT,20-40,POLICY_AGE_2,(02):10<-11,"18,572",23%,"16,614","1,300",658,89%,7.00%,3.50%,Policy age,Internal - Response,H,H,-0.30%,-0.40%,8.30%
AGE_SPLIT,52-54,POLICY_AGE_2,(01):Low-10,"4,690",15%,"4,222",334,134,90%,7.10%,2.90%,Policy age,Internal - Response,H,H,-3.20%,44%,41%
IFA_GROUP_STATE_PROD_SPLIT,FULLAPPROVAL,POLICY_AGE_2,(01):Low-10,"3,883",27%,"2,929",698,256,75%,18%,6.60%,Policy age,Internal - Response,H,H,-2.80%,12%,3.80%
CUM_RATE_INCR_SPLIT,0-20,POLICY_AGE_2,(04):12<-13,"14,290",19%,"13,148",789,353,92%,5.50%,2.50%,Policy age,Internal - Response,H,H,-0.40%,3.00%,7.10%
STATE_SPLIT,OTHERS,POLICY_AGE_2,.,1,0.00%,1,0,0,100%,0.00%,0.00%,Policy age,Internal - Response,H,H,9.50%,-100%,-100%
AGE_SPLIT,56-58,POLICY_AGE_2,(01):Low-10,"4,715",15%,"4,221",355,139,90%,7.50%,2.90%,Policy age,Internal - Response,H,H,-2.50%,26%,32%
