NFO,,,,RBO,
,Overall,,,,Overall
ANNL_PREM_AFTR,3973.549559,,,ANNL_PREM_AFTR,0.012447906
ANNL_PREM_BFOR,3716.944035,,,ANNL_PREM_BFOR,0.01370152
CLAIM_COUNT_CLOSED_DYNAMIC,31.82525783,,,BENE_TRM_AFTR,0.054150731
CLAIM_COUNT_DYNAMIC,45.89702791,,,BENE_TRM_BFOR,0.390483307
CNT_FPO_PREV1,772.7677686,,,BENEFIT_POOL_ASSET_RATIO,0.039496179
CNT_POL,92.47895375,,,BIO_AFTER_NO_BIO,0.014755149
DECISION_STAGE,1535.366749,,,BIO_BEFORE_5_COMPOUND,0.208185968
DERIVED_MARITAL_STATUS,288.5497213,,,BIO_BEFORE_5_SIMPLE,0.231240763
FREQ_AFTR_M,1044.30074,,,BIO_BEFORE_NO_BIO,0.483546071
FREQ_AFTR_Y,244.9072322,,,CNT_RBO_PREV1,0.777992674
FREQ_BFOR_M,426.498161,,,DECISION_STAGE,0.778643583
FREQ_BFOR_Y,201.5049748,,,IFA_GROUP_STATE_PROD_FA,0.017075414
IFA_GROUP_STATE_PROD_FA,93.82142508,,,IFA_GROUP_STATE_PROD_FAWP,0.794463814
IFA_GROUP_STATE_PROD_FAWP,39.60677068,,,ORIG_DBA_AFTR,0.017229962
IFA_GROUP_STATE_PROD_OTFA,39.60677068,,,RATE_INCR,0.077129978
NUM_DECISIONS,4373.112313,,,RATE_INCR_MA,0.076433518
ORIG_DBA_AFTR,963.5962769,,,RATE_INCR_PRE,1.213506717
POLICY_AGE_2,424.5048856,,,RESPONSE_PRE,0.773042492
PREM_PAID_TOT_2,3187.926597,,,STATE_TX,0.005017652
PRODUCT_PLCY_LIVES,92.47895375,,,TOTL_COMMUNICATED_INCR_RATE,0.006079373
RATE_INCR,543.6503251,,,ISSUE_AGE,0
RATE_INCR_AFFORD,1794.434323,,,CNT_POL,0
RATE_INCR_MA,469.53624,,,MISSING_CREDIT_IND,0
RATE_INCR_PRE,185.5701656,,,MISSING_ZAGG_IND,0
SHARED_POLICY,45.62366719,,,AACD,0
TOTL_COMMUNICATED_INCR_RATE,38.27151752,,,AACN,0
ISSUE_AGE,0,,,AADD,0
MISSING_CREDIT_IND,0,,,AALL,0
MISSING_ZAGG_IND,0,,,AALZ,0
AACD,0,,,AANG,0
AACN,0,,,AANX,0
AADD,0,,,AART,0
AALL,0,,,AASM,0
AALZ,0,,,AASN,0
AANG,0,,,AAST,0
AANX,0,,,ABBA,0
AART,0,,,ABBL,0
AASM,0,,,ABCE,0
AASN,0,,,ABCK,0
AAST,0,,,ABED,0
ABBA,0,,,ABLD,0
ABBL,0,,,ABRC,0
ABCE,0,,,ABRT,0
ABCK,0,,,ACDE,0
ABED,0,,,ACFS,0
ABLD,0,,,ACGH,0
ABRC,0,,,ACLD,0
ABRT,0,,,ACNC,0
ACDE,0,,,ACNK,0
ACFS,0,,,ACNS,0
ACGH,0,,,ACNT,0
ACLD,0,,,ACPM,0
ACNC,0,,,ACRN,0
ACNK,0,,,ADAN,0
ACNS,0,,,ADBT,0
ACNT,0,,,ADDE,0
ACPM,0,,,ADEN,0
ACRN,0,,,ADEP,0
ADAN,0,,,ADGS,0
ADBT,0,,,ADIS,0
ADDE,0,,,ADNT,0
ADEN,0,,,ADOM,0
ADEP,0,,,ADOT,0
ADGS,0,,,ADRY,0
ADIS,0,,,ADT1,0
ADNT,0,,,ADT2,0
ADOM,0,,,ADTU,0
ADOT,0,,,ADUM,0
ADRY,0,,,AECZ,0
ADT1,0,,,AERC,0
ADT2,0,,,AFOD,0
ADTU,0,,,AFTA,0
ADUM,0,,,AFTC,0
AECZ,0,,,AGAS,0
AERC,0,,,AGAST,0
AFOD,0,,,AGBLOOD,0
AFTA,0,,,AGCANCER,0
AFTC,0,,,AGDIAB,0
AGAS,0,,,AGDIG,0
AGAST,0,,,AGFEM,0
AGBLOOD,0,,,AGFOOT,0
AGCANCER,0,,,AGHEART,0
AGDIAB,0,,,AGJOINT,0
AGDIG,0,,,AGMALE,0
AGFEM,0,,,AGMOUTH,0
AGFOOT,0,,,AGNOSE,0
AGHEART,0,,,AGPAIN,0
AGJOINT,0,,,AGPROG,0
AGMALE,0,,,AGPSYCO,0
AGMOUTH,0,,,AGRD,0
AGNOSE,0,,,AGRESP,0
AGPAIN,0,,,AGSKIN,0
AGPROG,0,,,AGURINAR,0
AGPSYCO,0,,,AGVSN,0
AGRD,0,,,AGWEIGHT,0
AGRESP,0,,,AHAR,0
AGSKIN,0,,,AHBP,0
AGURINAR,0,,,AHCH,0
AGVSN,0,,,AHED,0
AGWEIGHT,0,,,AHEM,0
AHAR,0,,,AHRA,0
AHBP,0,,,AHRL,0
AHCH,0,,,AHRT,0
AHED,0,,,AIBS,0
AHEM,0,,,AILM,0
AHRA,0,,,AILMENTS,0
AHRL,0,,,AINS,0
AHRT,0,,,AIRCRAFT,0
AIBS,0,,,AIRR,0
AILM,0,,,AKID,0
AILMENTS,0,,,ALAC,0
AINS,0,,,ALGT_FLAG,0
AIRCRAFT,0,,,ALNG,0
AIRR,0,,,AMAC,0
AKID,0,,,AMEN,0
ALAC,0,,,AMGR,0
ALGT_FLAG,0,,,AMLS,0
ALNG,0,,,ANAS,0
AMAC,0,,,ANOS,0
AMEN,0,,,AOSA,0
AMGR,0,,,AOST,0
AMLS,0,,,APAN,0
ANAS,0,,,APAR,0
ANOS,0,,,APRK,0
AOSA,0,,,ARES,0
AOST,0,,,ARHM,0
APAN,0,,,ASIR,0
APAR,0,,,ASKN,0
APRK,0,,,ASNR,0
ARES,0,,,ASTK,0
ARHM,0,,,ATNF,0
ASIR,0,,,ATTH,0
ASKN,0,,,ATV,0
ASNR,0,,,AVG_AMOUNT_PAID,0
ASTK,0,,,AVIS,0
ATNF,0,,,AWGH,0
ATTH,0,,,BAL_1STMTGCREDIT,0
ATV,0,,,BAL_1STMTGCREDIT_60DPD,0
AVG_AMOUNT_PAID,0,,,BAL_1STMTGCREDIT_NEW,0
AVIS,0,,,BAL_1STMTG_30TO59DPD,0
AWGH,0,,,BAL_1STMTG_60TO89DPD,0
BAL_1STMTGCREDIT,0,,,BAL_1STMTG_90TO119DPD,0
BAL_1STMTGCREDIT_60DPD,0,,,BAL_1STMTG_BANKRUPTCY,0
BAL_1STMTGCREDIT_NEW,0,,,BAL_1STMTG_COLLECTIONS,0
BAL_1STMTG_30TO59DPD,0,,,BAL_1STMTG_FORECLOSURE,0
BAL_1STMTG_60TO89DPD,0,,,BAL_1STMTG_SEVEREDEROG,0
BAL_1STMTG_90TO119DPD,0,,,BAL_AGENCY1STMORG_30TO59DPD,0
BAL_1STMTG_BANKRUPTCY,0,,,BAL_AGENCY1STMORG_60TO89DPD,0
BAL_1STMTG_COLLECTIONS,0,,,BAL_AGENCY1STMORG_90TO119DP,0
BAL_1STMTG_FORECLOSURE,0,,,BAL_AGENCY1STMORG_BANKRUPTC,0
BAL_1STMTG_SEVEREDEROG,0,,,BAL_AGENCY1STMORG_COLLECTIO,0
BAL_AGENCY1STMORG_30TO59DPD,0,,,BAL_AGENCY1STMORG_FORECLOSU,0
BAL_AGENCY1STMORG_60TO89DPD,0,,,BAL_AGENCY1STMORG_SEVEREDER,0
BAL_AGENCY1STMORG_90TO119DP,0,,,BAL_AGENCYFIRSTMTG,0
BAL_AGENCY1STMORG_BANKRUPTC,0,,,BAL_AGENCYFIRSTMTG_60DPD,0
BAL_AGENCY1STMORG_COLLECTIO,0,,,BAL_AGENCYFIRSTMTG_NEW,0
BAL_AGENCY1STMORG_FORECLOSU,0,,,BAL_AUTOBANK,0
BAL_AGENCY1STMORG_SEVEREDER,0,,,BAL_AUTOBANK_60DPD,0
BAL_AGENCYFIRSTMTG,0,,,BAL_AUTOBANK_NEW,0
BAL_AGENCYFIRSTMTG_60DPD,0,,,BAL_AUTOFINANCE,0
BAL_AGENCYFIRSTMTG_NEW,0,,,BAL_AUTOFINANCE_60DPD,0
BAL_AUTOBANK,0,,,BAL_AUTOFINANCE_NEW,0
BAL_AUTOBANK_60DPD,0,,,BAL_BANKCARDCREDIT,0
BAL_AUTOBANK_NEW,0,,,BAL_BANKCARDCREDIT_60DPD,0
BAL_AUTOFINANCE,0,,,BAL_BANKCARDCREDIT_NEW,0
BAL_AUTOFINANCE_60DPD,0,,,BAL_BANKCARD_30TO59DPD,0
BAL_AUTOFINANCE_NEW,0,,,BAL_BANKCARD_60TO89DPD,0
BAL_BANKCARDCREDIT,0,,,BAL_BANKCARD_90TO119DPD,0
BAL_BANKCARDCREDIT_60DPD,0,,,BAL_BANKCARD_BANKRUPTCY,0
BAL_BANKCARDCREDIT_NEW,0,,,BAL_BANKCARD_COLLECTIONS,0
BAL_BANKCARD_30TO59DPD,0,,,BAL_BANKCARD_SEVEREDEROG,0
BAL_BANKCARD_60TO89DPD,0,,,BAL_CONSUMERFINANCE,0
BAL_BANKCARD_90TO119DPD,0,,,BAL_CONSUMERFINANCE_60DPD,0
BAL_BANKCARD_BANKRUPTCY,0,,,BAL_CONSUMERFINANCE_NEW,0
BAL_BANKCARD_COLLECTIONS,0,,,BAL_HELOAN_30TO59DPD,0
BAL_BANKCARD_SEVEREDEROG,0,,,BAL_HELOAN_60TO89DPD,0
BAL_CONSUMERFINANCE,0,,,BAL_HELOAN_90TO119DPD,0
BAL_CONSUMERFINANCE_60DPD,0,,,BAL_HELOAN_BANKRUPTCY,0
BAL_CONSUMERFINANCE_NEW,0,,,BAL_HELOAN_COLLECTIONS,0
BAL_HELOAN_30TO59DPD,0,,,BAL_HELOAN_FORECLOSURE,0
BAL_HELOAN_60TO89DPD,0,,,BAL_HELOAN_SEVEREDEROG,0
BAL_HELOAN_90TO119DPD,0,,,BAL_HELOC,0
BAL_HELOAN_BANKRUPTCY,0,,,BAL_HELOC_30TO59DPD,0
BAL_HELOAN_COLLECTIONS,0,,,BAL_HELOC_60DPD,0
BAL_HELOAN_FORECLOSURE,0,,,BAL_HELOC_60TO89DPD,0
BAL_HELOAN_SEVEREDEROG,0,,,BAL_HELOC_90TO119DPD,0
BAL_HELOC,0,,,BAL_HELOC_BANKRUPTCY,0
BAL_HELOC_30TO59DPD,0,,,BAL_HELOC_COLLECTIONS,0
BAL_HELOC_60DPD,0,,,BAL_HELOC_FORECLOSURE,0
BAL_HELOC_60TO89DPD,0,,,BAL_HELOC_NEW,0
BAL_HELOC_90TO119DPD,0,,,BAL_HELOC_SEVEREDEROG,0
BAL_HELOC_BANKRUPTCY,0,,,BAL_HOMEEQUITYLOANS,0
BAL_HELOC_COLLECTIONS,0,,,BAL_HOMEEQUITYLOANS_60DPD,0
BAL_HELOC_FORECLOSURE,0,,,BAL_HOMEEQUITYLOANS_NEW,0
BAL_HELOC_NEW,0,,,BAL_MTGCREDIT,0
BAL_HELOC_SEVEREDEROG,0,,,BAL_MTGCREDIT_60DPD,0
BAL_HOMEEQUITYLOANS,0,,,BAL_MTGCREDIT_NEW,0
BAL_HOMEEQUITYLOANS_60DPD,0,,,BAL_MTG_30TO59DPD,0
BAL_HOMEEQUITYLOANS_NEW,0,,,BAL_MTG_60TO89DPD,0
BAL_MTGCREDIT,0,,,BAL_MTG_90TO119DPD,0
BAL_MTGCREDIT_60DPD,0,,,BAL_MTG_BANKRUPTCY,0
BAL_MTGCREDIT_NEW,0,,,BAL_MTG_COLLECTIONS,0
BAL_MTG_30TO59DPD,0,,,BAL_MTG_FORECLOSURE,0
BAL_MTG_60TO89DPD,0,,,BAL_MTG_SEVEREDEROG,0
BAL_MTG_90TO119DPD,0,,,BAL_NONAGN1STMORG_30TO59DPD,0
BAL_MTG_BANKRUPTCY,0,,,BAL_NONAGN1STMORG_60TO89DPD,0
BAL_MTG_COLLECTIONS,0,,,BAL_NONAGN1STMORG_90TO119DP,0
BAL_MTG_FORECLOSURE,0,,,BAL_NONAGN1STMORG_BANKRUPTC,0
BAL_MTG_SEVEREDEROG,0,,,BAL_NONAGN1STMORG_COLLECTIO,0
BAL_NONAGN1STMORG_30TO59DPD,0,,,BAL_NONAGN1STMORG_FORECLOSU,0
BAL_NONAGN1STMORG_60TO89DPD,0,,,BAL_NONAGN1STMORG_SEVEREDER,0
BAL_NONAGN1STMORG_90TO119DP,0,,,BAL_NONAGNFIRSTMTG,0
BAL_NONAGN1STMORG_BANKRUPTC,0,,,BAL_NONAGNFIRSTMTG_60DPD,0
BAL_NONAGN1STMORG_COLLECTIO,0,,,BAL_NONAGNFIRSTMTG_NEW,0
BAL_NONAGN1STMORG_FORECLOSU,0,,,BAL_NONMTGCREDIT,0
BAL_NONAGN1STMORG_SEVEREDER,0,,,BAL_NONMTGCREDIT_60DPD,0
BAL_NONAGNFIRSTMTG,0,,,BAL_NONMTGCREDIT_NEW,0
BAL_NONAGNFIRSTMTG_60DPD,0,,,BAL_OTHERNONMTG,0
BAL_NONAGNFIRSTMTG_NEW,0,,,BAL_OTHERNONMTG_60DPD,0
BAL_NONMTGCREDIT,0,,,BAL_OTHERNONMTG_NEW,0
BAL_NONMTGCREDIT_60DPD,0,,,BAL_RETAILCREDIT,0
BAL_NONMTGCREDIT_NEW,0,,,BAL_RETAILCREDIT_60DPD,0
BAL_OTHERNONMTG,0,,,BAL_RETAILCREDIT_NEW,0
BAL_OTHERNONMTG_60DPD,0,,,BAL_STUDENTLOAN,0
BAL_OTHERNONMTG_NEW,0,,,BAL_STUDENTLOAN_60DPD,0
BAL_RETAILCREDIT,0,,,BAL_STUDENTLOAN_NEW,0
BAL_RETAILCREDIT_60DPD,0,,,BAL_TOTALALLCREDIT,0
BAL_RETAILCREDIT_NEW,0,,,BAL_TOTALALLCREDIT_30TO59DPD,0
BAL_STUDENTLOAN,0,,,BAL_TOTALALLCREDIT_60DPD,0
BAL_STUDENTLOAN_60DPD,0,,,BAL_TOTALALLCREDIT_60TO89DPD,0
BAL_STUDENTLOAN_NEW,0,,,BAL_TOTALALLCREDIT_90TO119DPD,0
BAL_TOTALALLCREDIT,0,,,BAL_TOTALALLCREDIT_BANKRUPTCY,0
BAL_TOTALALLCREDIT_30TO59DPD,0,,,BAL_TOTALALLCREDIT_COLLECTIONS,0
BAL_TOTALALLCREDIT_60DPD,0,,,BAL_TOTALALLCREDIT_FORECLOSURE,0
BAL_TOTALALLCREDIT_60TO89DPD,0,,,BAL_TOTALALLCREDIT_NEW,0
BAL_TOTALALLCREDIT_90TO119DPD,0,,,BAL_TOTALALLCREDIT_SEVEREDEROG,0
BAL_TOTALALLCREDIT_BANKRUPTCY,0,,,BANK,0
BAL_TOTALALLCREDIT_COLLECTIONS,0,,,BAVGDOLL,0
BAL_TOTALALLCREDIT_FORECLOSURE,0,,,BAVGOFDL,0
BAL_TOTALALLCREDIT_NEW,0,,,BINARY_AC_RAWSCR,0
BAL_TOTALALLCREDIT_SEVEREDEROG,0,,,BINARY_AC_TRANS,0
BANK,0,,,BINARY_ASTHMA_RAWSCR,0
BAVGDOLL,0,,,BINARY_ASTHMA_TRANS,0
BAVGOFDL,0,,,BINARY_BP_RAWSCR,0
BENEFIT_POOL_ASSET_RATIO,0,,,BINARY_BP_TRANS,0
BENE_TRM_AFTR,0,,,BINARY_CARDIO_RAWSCR,0
BENE_TRM_BFOR,0,,,BINARY_CARDIO_TRANS,0
BINARY_AC_RAWSCR,0,,,BINARY_CERV_RAWSCR,0
BINARY_AC_TRANS,0,,,BINARY_CERV_TRANS,0
BINARY_ASTHMA_RAWSCR,0,,,BINARY_DIAB_RAWSCR,0
BINARY_ASTHMA_TRANS,0,,,BINARY_DIAB_TRANS,0
BINARY_BP_RAWSCR,0,,,BINARY_DRUG_RAWSCR,0
BINARY_BP_TRANS,0,,,BINARY_DRUG_TRANS,0
BINARY_CARDIO_RAWSCR,0,,,BINARY_HERNIA_RAWSCR,0
BINARY_CARDIO_TRANS,0,,,BINARY_HERNIA_TRANS,0
BINARY_CERV_RAWSCR,0,,,BINARY_HYPT_RAWSCR,0
BINARY_CERV_TRANS,0,,,BINARY_HYPT_TRANS,0
BINARY_DIAB_RAWSCR,0,,,BINARY_MENTAL_RAWSCR,0
BINARY_DIAB_TRANS,0,,,BINARY_MENTAL_TRANS,0
BINARY_DRUG_RAWSCR,0,,,BINARY_MUSC_RAWSCR,0
BINARY_DRUG_TRANS,0,,,BINARY_MUSC_TRANS,0
BINARY_HERNIA_RAWSCR,0,,,BINARY_NF_RAWSCR,0
BINARY_HERNIA_TRANS,0,,,BINARY_NF_TRANS,0
BINARY_HYPT_RAWSCR,0,,,BINARY_NM_RAWSCR,0
BINARY_HYPT_TRANS,0,,,BINARY_NM_TRANS,0
BINARY_MENTAL_RAWSCR,0,,,BINARY_NO_RAWSCR,0
BINARY_MENTAL_TRANS,0,,,BINARY_NO_TRANS,0
BINARY_MUSC_RAWSCR,0,,,BINARY_NS_RAWSCR,0
BINARY_MUSC_TRANS,0,,,BINARY_NS_TRANS,0
BINARY_NF_RAWSCR,0,,,BINARY_NT_RAWSCR,0
BINARY_NF_TRANS,0,,,BINARY_NT_TRANS,0
BINARY_NM_RAWSCR,0,,,BINARY_PREG_RAWSCR,0
BINARY_NM_TRANS,0,,,BINARY_PREG_TRANS,0
BINARY_NO_RAWSCR,0,,,BINARY_RESP_RAWSCR,0
BINARY_NO_TRANS,0,,,BINARY_RESP_TRANS,0
BINARY_NS_RAWSCR,0,,,BNKI,0
BINARY_NS_TRANS,0,,,BOAT,0
BINARY_NT_RAWSCR,0,,,BOFDOLLR,0
BINARY_NT_TRANS,0,,,BOFORDER,0
BINARY_PREG_RAWSCR,0,,,BONDOLLR,0
BINARY_PREG_TRANS,0,,,BONORDER,0
BINARY_RESP_RAWSCR,0,,,BPAMEX,0
BINARY_RESP_TRANS,0,,,BPCREDIT,0
BNKI,0,,,BPDISCVR,0
BOAT,0,,,BPHOUSE,0
BOFDOLLR,0,,,BPMASTER,0
BOFORDER,0,,,BPRETAIL,0
BONDOLLR,0,,,BPVISA,0
BONORDER,0,,,BTOTLDOL,0
BPAMEX,0,,,BTOTLORD,0
BPCREDIT,0,,,BUYER,0
BPDISCVR,0,,,C210APVT,0
BPHOUSE,0,,,C210AUTO,0
BPMASTER,0,,,C210B200,0
BPRETAIL,0,,,C210BLU,0
BPVISA,0,,,C210BPVT,0
BTOTLDOL,0,,,C210CIP,0
BTOTLORD,0,,,C210EBI,0
BUYER,0,,,C210HMI,0
C210APVT,0,,,C210HVA,0
C210AUTO,0,,,C210KSES,0
C210B200,0,,,C210M200,0
C210BLU,0,,,C210MAH,0
C210BPVT,0,,,C210MOB,0
C210CIP,0,,,C210PBL,0
C210EBI,0,,,C210PDSC,0
C210HMI,0,,,C210PDUC,0
C210HVA,0,,,C210PDV,0
C210KSES,0,,,C210PHI,0
C210M200,0,,,C210PMR,0
C210MAH,0,,,C210PMV,0
C210MOB,0,,,C210POO,0
C210PBL,0,,,C210PSU,0
C210PDSC,0,,,C210PWC,0
C210PDUC,0,,,C210PWH,0
C210PDV,0,,,C210WHT,0
C210PHI,0,,,CA00,0
C210PMR,0,,,CA03,0
C210PMV,0,,,CA06,0
C210POO,0,,,CA11,0
C210PSU,0,,,CA16,0
C210PWC,0,,,CCW,0
C210PWH,0,,,CD,0
C210WHT,0,,,CE,0
CA00,0,,,CGN1,0
CA03,0,,,CGN2,0
CA06,0,,,CGN3,0
CA11,0,,,CGN4,0
CA16,0,,,CLAIM_COUNT_CLOSED_DYNAMIC,0
CCW,0,,,CLAIM_COUNT_CONTACT_DYNAMIC,0
CD,0,,,CLAIM_COUNT_DYNAMIC,0
CE,0,,,CLAIM_COUNT_NP_CLOSED_DYNAMIC,0
CGN1,0,,,CLAIM_COUNT_OPEN_DYNAMIC,0
CGN2,0,,,CNT_FPO_PREV1,0
CGN3,0,,,CO,0
CGN4,0,,,COLLEGE,0
CLAIM_COUNT_CONTACT_DYNAMIC,0,,,CONSHOP,0
CLAIM_COUNT_NP_CLOSED_DYNAMIC,0,,,CSR,0
CLAIM_COUNT_OPEN_DYNAMIC,0,,,DERIVED_MARITAL_STATUS,0
CNT_RBO_PREV1,0,,,ELIM_PRD_AFTR,0
CO,0,,,ELIM_PRD_BFOR,0
COLLEGE,0,,,EMDM,0
CONSHOP,0,,,ESTDII30,0
CSR,0,,,ESTINC30,0
ELIM_PRD_AFTR,0,,,FINB,0
ELIM_PRD_BFOR,0,,,FINC,0
EMDM,0,,,FINI,0
ESTDII30,0,,,FMLY_PRSNC,0
ESTINC30,0,,,FURN,0
FINB,0,,,GROC,0
FINC,0,,,HHMARST,0
FINI,0,,,HH_1STMTGCREDIT,0
FMLY_PRSNC,0,,,HH_1STMTGCREDIT_60DPD,0
FURN,0,,,HH_1STMTGCREDIT_NEW,0
GROC,0,,,HH_1STMTG_30TO59DPD,0
HHMARST,0,,,HH_1STMTG_60TO89DPD,0
HH_1STMTGCREDIT,0,,,HH_1STMTG_90TO119DPD,0
HH_1STMTGCREDIT_60DPD,0,,,HH_1STMTG_BANKRUPTCY,0
HH_1STMTGCREDIT_NEW,0,,,HH_1STMTG_COLLECTIONS,0
HH_1STMTG_30TO59DPD,0,,,HH_1STMTG_FORECLOSURE,0
HH_1STMTG_60TO89DPD,0,,,HH_1STMTG_SEVEREDEROG,0
HH_1STMTG_90TO119DPD,0,,,HH_AGENCY1STMORG_30TO59DPD,0
HH_1STMTG_BANKRUPTCY,0,,,HH_AGENCY1STMORG_60TO89DPD,0
HH_1STMTG_COLLECTIONS,0,,,HH_AGENCY1STMORG_90TO119DPD,0
HH_1STMTG_FORECLOSURE,0,,,HH_AGENCY1STMORG_BANKRUPTCY,0
HH_1STMTG_SEVEREDEROG,0,,,HH_AGENCY1STMORG_COLLECTION,0
HH_AGENCY1STMORG_30TO59DPD,0,,,HH_AGENCY1STMORG_FORECLOSUR,0
HH_AGENCY1STMORG_60TO89DPD,0,,,HH_AGENCY1STMORG_SEVEREDERO,0
HH_AGENCY1STMORG_90TO119DPD,0,,,HH_AGENCYFIRSTMTG,0
HH_AGENCY1STMORG_BANKRUPTCY,0,,,HH_AGENCYFIRSTMTG_60DPD,0
HH_AGENCY1STMORG_COLLECTION,0,,,HH_AGENCYFIRSTMTG_NEW,0
HH_AGENCY1STMORG_FORECLOSUR,0,,,HH_AUTOBANK,0
HH_AGENCY1STMORG_SEVEREDERO,0,,,HH_AUTOBANK_60DPD,0
HH_AGENCYFIRSTMTG,0,,,HH_AUTOBANK_NEW,0
HH_AGENCYFIRSTMTG_60DPD,0,,,HH_AUTOFINANCE,0
HH_AGENCYFIRSTMTG_NEW,0,,,HH_AUTOFINANCE_60DPD,0
HH_AUTOBANK,0,,,HH_AUTOFINANCE_NEW,0
HH_AUTOBANK_60DPD,0,,,HH_BANKCARDCREDIT,0
HH_AUTOBANK_NEW,0,,,HH_BANKCARDCREDIT_60DPD,0
HH_AUTOFINANCE,0,,,HH_BANKCARDCREDIT_NEW,0
HH_AUTOFINANCE_60DPD,0,,,HH_BANKCARD_30TO59DPD,0
HH_AUTOFINANCE_NEW,0,,,HH_BANKCARD_60TO89DPD,0
HH_BANKCARDCREDIT,0,,,HH_BANKCARD_90TO119DPD,0
HH_BANKCARDCREDIT_60DPD,0,,,HH_BANKCARD_BANKRUPTCY,0
HH_BANKCARDCREDIT_NEW,0,,,HH_BANKCARD_COLLECTIONS,0
HH_BANKCARD_30TO59DPD,0,,,HH_BANKCARD_SEVEREDEROG,0
HH_BANKCARD_60TO89DPD,0,,,HH_CONSUMERFINANCE,0
HH_BANKCARD_90TO119DPD,0,,,HH_CONSUMERFINANCE_60DPD,0
HH_BANKCARD_BANKRUPTCY,0,,,HH_CONSUMERFINANCE_NEW,0
HH_BANKCARD_COLLECTIONS,0,,,HH_HELOAN_30TO59DPD,0
HH_BANKCARD_SEVEREDEROG,0,,,HH_HELOAN_60TO89DPD,0
HH_CONSUMERFINANCE,0,,,HH_HELOAN_90TO119DPD,0
HH_CONSUMERFINANCE_60DPD,0,,,HH_HELOAN_BANKRUPTCY,0
HH_CONSUMERFINANCE_NEW,0,,,HH_HELOAN_COLLECTIONS,0
HH_HELOAN_30TO59DPD,0,,,HH_HELOAN_FORECLOSURE,0
HH_HELOAN_60TO89DPD,0,,,HH_HELOAN_SEVEREDEROG,0
HH_HELOAN_90TO119DPD,0,,,HH_HELOC,0
HH_HELOAN_BANKRUPTCY,0,,,HH_HELOC_30TO59DPD,0
HH_HELOAN_COLLECTIONS,0,,,HH_HELOC_60DPD,0
HH_HELOAN_FORECLOSURE,0,,,HH_HELOC_60TO89DPD,0
HH_HELOAN_SEVEREDEROG,0,,,HH_HELOC_90TO119DPD,0
HH_HELOC,0,,,HH_HELOC_BANKRUPTCY,0
HH_HELOC_30TO59DPD,0,,,HH_HELOC_COLLECTIONS,0
HH_HELOC_60DPD,0,,,HH_HELOC_FORECLOSURE,0
HH_HELOC_60TO89DPD,0,,,HH_HELOC_NEW,0
HH_HELOC_90TO119DPD,0,,,HH_HELOC_SEVEREDEROG,0
HH_HELOC_BANKRUPTCY,0,,,HH_HOMEEQUITYLOANS,0
HH_HELOC_COLLECTIONS,0,,,HH_HOMEEQUITYLOANS_60DPD,0
HH_HELOC_FORECLOSURE,0,,,HH_HOMEEQUITYLOANS_NEW,0
HH_HELOC_NEW,0,,,HH_INCOME,0
HH_HELOC_SEVEREDEROG,0,,,HH_MTGCREDIT,0
HH_HOMEEQUITYLOANS,0,,,HH_MTGCREDIT_60DPD,0
HH_HOMEEQUITYLOANS_60DPD,0,,,HH_MTGCREDIT_NEW,0
HH_HOMEEQUITYLOANS_NEW,0,,,HH_MTG_30TO59DPD,0
HH_INCOME,0,,,HH_MTG_60TO89DPD,0
HH_MTGCREDIT,0,,,HH_MTG_90TO119DPD,0
HH_MTGCREDIT_60DPD,0,,,HH_MTG_BANKRUPTCY,0
HH_MTGCREDIT_NEW,0,,,HH_MTG_COLLECTIONS,0
HH_MTG_30TO59DPD,0,,,HH_MTG_FORECLOSURE,0
HH_MTG_60TO89DPD,0,,,HH_MTG_SEVEREDEROG,0
HH_MTG_90TO119DPD,0,,,HH_NONAGN1STMORG_30TO59DPD,0
HH_MTG_BANKRUPTCY,0,,,HH_NONAGN1STMORG_60TO89DPD,0
HH_MTG_COLLECTIONS,0,,,HH_NONAGN1STMORG_90TO119DPD,0
HH_MTG_FORECLOSURE,0,,,HH_NONAGN1STMORG_BANKRUPTCY,0
HH_MTG_SEVEREDEROG,0,,,HH_NONAGN1STMORG_COLLECTION,0
HH_NONAGN1STMORG_30TO59DPD,0,,,HH_NONAGN1STMORG_FORECLOSUR,0
HH_NONAGN1STMORG_60TO89DPD,0,,,HH_NONAGN1STMORG_SEVEREDERO,0
HH_NONAGN1STMORG_90TO119DPD,0,,,HH_NONAGNFIRSTMTG,0
HH_NONAGN1STMORG_BANKRUPTCY,0,,,HH_NONAGNFIRSTMTG_60DPD,0
HH_NONAGN1STMORG_COLLECTION,0,,,HH_NONAGNFIRSTMTG_NEW,0
HH_NONAGN1STMORG_FORECLOSUR,0,,,HH_NONMTGCREDIT,0
HH_NONAGN1STMORG_SEVEREDERO,0,,,HH_NONMTGCREDIT_60DPD,0
HH_NONAGNFIRSTMTG,0,,,HH_NONMTGCREDIT_NEW,0
HH_NONAGNFIRSTMTG_60DPD,0,,,HH_OTHERNONMTG,0
HH_NONAGNFIRSTMTG_NEW,0,,,HH_OTHERNONMTG_60DPD,0
HH_NONMTGCREDIT,0,,,HH_OTHERNONMTG_NEW,0
HH_NONMTGCREDIT_60DPD,0,,,HH_RETAILCREDIT,0
HH_NONMTGCREDIT_NEW,0,,,HH_RETAILCREDIT_60DPD,0
HH_OTHERNONMTG,0,,,HH_RETAILCREDIT_NEW,0
HH_OTHERNONMTG_60DPD,0,,,HH_STUDENTLOAN,0
HH_OTHERNONMTG_NEW,0,,,HH_STUDENTLOAN_60DPD,0
HH_RETAILCREDIT,0,,,HH_STUDENTLOAN_NEW,0
HH_RETAILCREDIT_60DPD,0,,,HH_TOTALALLCREDIT,0
HH_RETAILCREDIT_NEW,0,,,HH_TOTALALLCREDIT_30TO59DPD,0
HH_STUDENTLOAN,0,,,HH_TOTALALLCREDIT_60DPD,0
HH_STUDENTLOAN_60DPD,0,,,HH_TOTALALLCREDIT_60TO89DPD,0
HH_STUDENTLOAN_NEW,0,,,HH_TOTALALLCREDIT_90TO119DPD,0
HH_TOTALALLCREDIT,0,,,HH_TOTALALLCREDIT_BANKRUPTCY,0
HH_TOTALALLCREDIT_30TO59DPD,0,,,HH_TOTALALLCREDIT_COLLECTIONS,0
HH_TOTALALLCREDIT_60DPD,0,,,HH_TOTALALLCREDIT_FORECLOSURE,0
HH_TOTALALLCREDIT_60TO89DPD,0,,,HH_TOTALALLCREDIT_NEW,0
HH_TOTALALLCREDIT_90TO119DPD,0,,,HH_TOTALALLCREDIT_SEVEREDEROG,0
HH_TOTALALLCREDIT_BANKRUPTCY,0,,,HIGHCRD_1STMTGCREDIT,0
HH_TOTALALLCREDIT_COLLECTIONS,0,,,HIGHCRD_1STMTGCREDIT_NEW,0
HH_TOTALALLCREDIT_FORECLOSURE,0,,,HIGHCRD_AGENCYFIRSTMTG,0
HH_TOTALALLCREDIT_NEW,0,,,HIGHCRD_AGENCYFIRSTMTG_NEW,0
HH_TOTALALLCREDIT_SEVEREDEROG,0,,,HIGHCRD_AUTOBANK,0
HIGHCRD_1STMTGCREDIT,0,,,HIGHCRD_AUTOBANK_NEW,0
HIGHCRD_1STMTGCREDIT_NEW,0,,,HIGHCRD_AUTOFINANCE,0
HIGHCRD_AGENCYFIRSTMTG,0,,,HIGHCRD_AUTOFINANCE_NEW,0
HIGHCRD_AGENCYFIRSTMTG_NEW,0,,,HIGHCRD_BANKCARDCREDIT,0
HIGHCRD_AUTOBANK,0,,,HIGHCRD_BANKCARDCREDIT_NEW,0
HIGHCRD_AUTOBANK_NEW,0,,,HIGHCRD_CONSUMERFINANCE,0
HIGHCRD_AUTOFINANCE,0,,,HIGHCRD_CONSUMERFINANCE_NEW,0
HIGHCRD_AUTOFINANCE_NEW,0,,,HIGHCRD_HELOC,0
HIGHCRD_BANKCARDCREDIT,0,,,HIGHCRD_HELOC_NEW,0
HIGHCRD_BANKCARDCREDIT_NEW,0,,,HIGHCRD_HOMEEQUITYLOANS,0
HIGHCRD_CONSUMERFINANCE,0,,,HIGHCRD_HOMEEQUITYLOANS_NEW,0
HIGHCRD_CONSUMERFINANCE_NEW,0,,,HIGHCRD_MTGCREDIT,0
HIGHCRD_HELOC,0,,,HIGHCRD_MTGCREDIT_NEW,0
HIGHCRD_HELOC_NEW,0,,,HIGHCRD_NONAGNFIRSTMORT_NEW,0
HIGHCRD_HOMEEQUITYLOANS,0,,,HIGHCRD_NONAGNFIRSTMTG,0
HIGHCRD_HOMEEQUITYLOANS_NEW,0,,,HIGHCRD_NONMTGCREDIT,0
HIGHCRD_MTGCREDIT,0,,,HIGHCRD_NONMTGCREDIT_NEW,0
HIGHCRD_MTGCREDIT_NEW,0,,,HIGHCRD_OTHERNONMTG,0
HIGHCRD_NONAGNFIRSTMORT_NEW,0,,,HIGHCRD_OTHERNONMTG_NEW,0
HIGHCRD_NONAGNFIRSTMTG,0,,,HIGHCRD_RETAILCREDIT,0
HIGHCRD_NONMTGCREDIT,0,,,HIGHCRD_RETAILCREDIT_NEW,0
HIGHCRD_NONMTGCREDIT_NEW,0,,,HIGHCRD_STUDENTLOAN,0
HIGHCRD_OTHERNONMTG,0,,,HIGHCRD_STUDENTLOAN_NEW,0
HIGHCRD_OTHERNONMTG_NEW,0,,,HIGHCRD_TOTALALLCREDIT,0
HIGHCRD_RETAILCREDIT,0,,,HIGHCRD_TOTALALLCREDIT_NEW,0
HIGHCRD_RETAILCREDIT_NEW,0,,,HIR,0
HIGHCRD_STUDENTLOAN,0,,,HOMI,0
HIGHCRD_STUDENTLOAN_NEW,0,,,HOMO,0
HIGHCRD_TOTALALLCREDIT,0,,,HTFH,0
HIGHCRD_TOTALALLCREDIT_NEW,0,,,IC,0
HIR,0,,,ICAT,0
HOMI,0,,,ICCO,0
HOMO,0,,,ICDO,0
HTFH,0,,,ICFA,0
IC,0,,,ICFI,0
ICAT,0,,,ICOT,0
ICCO,0,,,ICPL,0
ICDO,0,,,ICSP,0
ICFA,0,,,ICST,0
ICFI,0,,,IDAC,0
ICOT,0,,,IDAN,0
ICPL,0,,,IDC,0
ICSP,0,,,IDCH,0
ICST,0,,,IDEN,0
IDAC,0,,,IDHE,0
IDAN,0,,,IDLOW,0
IDC,0,,,IDNAT,0
IDCH,0,,,IDOG,0
IDEN,0,,,IDOT,0
IDHE,0,,,IDPC,0
IDLOW,0,,,IDPL,0
IDNAT,0,,,IDRE,0
IDOG,0,,,IDVE,0
IDOT,0,,,IDVIT,0
IDPC,0,,,IDWGHT,0
IDPL,0,,,IF_SPOUSE_DISC,0
IDRE,0,,,IGC,0
IDVE,0,,,IHBA,0
IDVIT,0,,,IHBEAD,0
IDWGHT,0,,,IHBI,0
IF_SPOUSE_DISC,0,,,IHCA,0
IGC,0,,,IHCAC,0
IHBA,0,,,IHCF,0
IHBEAD,0,,,IHCG,0
IHBI,0,,,IHCI,0
IHCA,0,,,IHCLF,0
IHCAC,0,,,IHCO,0
IHCF,0,,,IHCR,0
IHCG,0,,,IHDIY,0
IHCI,0,,,IHEX,0
IHCLF,0,,,IHGA,0
IHCO,0,,,IHGF,0
IHCR,0,,,IHGO,0
IHDIY,0,,,IHGREEN,0
IHEX,0,,,IHGV,0
IHGA,0,,,IHH,0
IHGF,0,,,IHHI,0
IHGO,0,,,IHHS,0
IHGREEN,0,,,IHIGHSCL,0
IHGV,0,,,IHKN,0
IHH,0,,,IHLO,0
IHHI,0,,,IHNETWRK,0
IHHS,0,,,IHORSE,0
IHIGHSCL,0,,,IHPH,0
IHKN,0,,,IHQU,0
IHLO,0,,,IHSCRAP,0
IHNETWRK,0,,,IHSE,0
IHORSE,0,,,IHSPTWEL,0
IHPH,0,,,IHSW,0
IHQU,0,,,IHTH,0
IHSCRAP,0,,,IHWI,0
IHSE,0,,,IHWO,0
IHSPTWEL,0,,,IIND,0
IHSW,0,,,ILOR,0
IHTH,0,,,IMALT,0
IHWI,0,,,IMBBND,0
IHWO,0,,,IMBM,0
IIND,0,,,IMBO,0
ILOR,0,,,IMCH,0
IMALT,0,,,IMCL,0
IMBBND,0,,,IMCO,0
IMBM,0,,,IMCS,0
IMBO,0,,,IMCU,0
IMCH,0,,,IMDV,0
IMCL,0,,,IMFO,0
IMCO,0,,,IMGI,0
IMCS,0,,,IMGO,0
IMCU,0,,,IMHO,0
IMDV,0,,,IMJA,0
IMFO,0,,,IMJE,0
IMGI,0,,,IMMA,0
IMGO,0,,,IMOR,0
IMHO,0,,,IMOT,0
IMJA,0,,,IMPS,0
IMJE,0,,,IMRH,0
IMMA,0,,,IMRO,0
IMOR,0,,,IMSO,0
IMOT,0,,,IN401K,0
IMPS,0,,,INCD,0
IMRH,0,,,INDMARST,0
IMRO,0,,,INIRA,0
IMSO,0,,,INLI,0
IN401K,0,,,INMEDI,0
INCD,0,,,INMU,0
INDMARST,0,,,INNOMEDI,0
INIRA,0,,,INOT,0
INLI,0,,,INQUIRY_AUTO,0
INMEDI,0,,,INQUIRY_BANKCARD,0
INMU,0,,,INQUIRY_CONSUMERFINANCE,0
INNOMEDI,0,,,INQUIRY_HOMEEQUITYLOAN,0
INOT,0,,,INQUIRY_MISCELLANEOUS,0
INQUIRY_AUTO,0,,,INQUIRY_MTG,0
INQUIRY_BANKCARD,0,,,INQUIRY_RETAILCARD,0
INQUIRY_CONSUMERFINANCE,0,,,INRE,0
INQUIRY_HOMEEQUITYLOAN,0,,,INSB,0
INQUIRY_MISCELLANEOUS,0,,,INSHOP,0
INQUIRY_MTG,0,,,INTSTMED,0
INQUIRY_RETAILCARD,0,,,INVE,0
INRE,0,,,IOAPPLE,0
INSB,0,,,IOATV,0
INSHOP,0,,,IOCABLE,0
INTSTMED,0,,,IOCD,0
INVE,0,,,IOCE,0
IOAPPLE,0,,,IODIGITL,0
IOATV,0,,,IODOCTOR,0
IOCABLE,0,,,IODVDPLR,0
IOCD,0,,,IODVR,0
IOCE,0,,,IOELEOT,0
IODIGITL,0,,,IOFULL,0
IODOCTOR,0,,,IOGPS,0
IODVDPLR,0,,,IOHDTV,0
IODVR,0,,,IOHISPED,0
IOELEOT,0,,,IOHMTHR,0
IOFULL,0,,,IOHO,0
IOGPS,0,,,IOLP,0
IOHDTV,0,,,IOMA,0
IOHISPED,0,,,IOMG,0
IOHMTHR,0,,,IOMO,0
IOHO,0,,,IONURSE,0
IOLP,0,,,IOOW,0
IOMA,0,,,IOPART,0
IOMG,0,,,IOPT,0
IOMO,0,,,IORE,0
IONURSE,0,,,IORV,0
IOOW,0,,,IOSA,0
IOPART,0,,,IOSATELL,0
IOPT,0,,,IOSATRAD,0
IORE,0,,,IOSE,0
IORV,0,,,IOSMART,0
IOSA,0,,,IOST,0
IOSATELL,0,,,IOSW,0
IOSATRAD,0,,,IOTEACHR,0
IOSE,0,,,IOTR,0
IOSMART,0,,,IOVIDGAM,0
IOST,0,,,IPAE,0
IOSW,0,,,IPBEAUTY,0
IOTEACHR,0,,,IPCLUB,0
IOTR,0,,,IPCOUPON,0
IOVIDGAM,0,,,IPDECOR,0
IPAE,0,,,IPDI,0
IPBEAUTY,0,,,IPFFOOD,0
IPCLUB,0,,,IPOT,0
IPCOUPON,0,,,IPSPCBTY,0
IPDECOR,0,,,IPSR,0
IPDI,0,,,IPVM,0
IPFFOOD,0,,,IRAE,0
IPOT,0,,,IRAS,0
IPSPCBTY,0,,,IRBEST,0
IPSR,0,,,IRBF,0
IPVM,0,,,IRBI,0
IRAE,0,,,IRBKCLUB,0
IRAS,0,,,IRBT,0
IRBEST,0,,,IRCH,0
IRBF,0,,,IRCK,0
IRBI,0,,,IRCL,0
IRBKCLUB,0,,,IRCO,0
IRBT,0,,,IRCOMICS,0
IRCH,0,,,IRDEBIT,0
IRCK,0,,,IRDI,0
IRCL,0,,,IREA,0
IRCO,0,,,IRFA,0
IRCOMICS,0,,,IRFINAN,0
IRDEBIT,0,,,IRHI,0
IRDI,0,,,IRHMGRDN,0
IREA,0,,,IRIN,0
IRFA,0,,,IRMAGAZN,0
IRFINAN,0,,,IRME,0
IRHI,0,,,IRMI,0
IRHMGRDN,0,,,IRMY,0
IRIN,0,,,IRNA,0
IRMAGAZN,0,,,IROT,0
IRME,0,,,IRPE,0
IRMI,0,,,IRRO,0
IRMY,0,,,IRSELF,0
IRNA,0,,,IRSF,0
IROT,0,,,IRSP,0
IRPE,0,,,IRSR,0
IRRO,0,,,IRST,0
IRSELF,0,,,IRTHRLL,0
IRSF,0,,,IRTRLENT,0
IRSP,0,,,IRVM,0
IRSR,0,,,IRWO,0
IRST,0,,,ISBB,0
IRTHRLL,0,,,ISBK,0
IRTRLENT,0,,,ISBO,0
IRVM,0,,,ISBY,0
IRWO,0,,,ISCA,0
ISBB,0,,,ISEXTREM,0
ISBK,0,,,ISFI,0
ISBO,0,,,ISFO,0
ISBY,0,,,ISFS,0
ISCA,0,,,ISGO,0
ISEXTREM,0,,,ISHO,0
ISFI,0,,,ISHU,0
ISFO,0,,,ISHUM,0
ISFS,0,,,ISMTRCRS,0
ISGO,0,,,ISNA,0
ISHO,0,,,ISOT,0
ISHU,0,,,ISPO,0
ISHUM,0,,,ISROLLER,0
ISMTRCRS,0,,,ISRU,0
ISNA,0,,,ISSC,0
ISOT,0,,,ISSKATE,0
ISPO,0,,,ISSN,0
ISROLLER,0,,,ISSNWBRD,0
ISRU,0,,,ISTE,0
ISSC,0,,,ISWA,0
ISSKATE,0,,,ISWL,0
ISSN,0,,,ITBI,0
ISSNWBRD,0,,,ITBU,0
ISTE,0,,,ITCV,0
ISWA,0,,,ITFF,0
ISWL,0,,,ITFV,0
ITBI,0,,,ITPI,0
ITBU,0,,,ITPU,0
ITCV,0,,,ITRV,0
ITFF,0,,,ITTIME,0
ITFV,0,,,IVCR,0
ITPI,0,,,IVET,0
ITPU,0,,,IVPARKS,0
ITRV,0,,,LIMITED_PAY,0
ITTIME,0,,,LOWD,0
IVCR,0,,,MEDA,0
IVET,0,,,MEDSUP,0
IVPARKS,0,,,MEMW,0
LIMITED_PAY,0,,,MINMOB_1STMTGCREDIT,0
LOWD,0,,,MINMOB_AGENCYFIRSTMTG,0
MEDA,0,,,MINMOB_AUTOBANK,0
MEDSUP,0,,,MINMOB_AUTOFINANCE,0
MEMW,0,,,MINMOB_BANKCARDCREDIT,0
MINMOB_1STMTGCREDIT,0,,,MINMOB_CONSUMERFINANCE,0
MINMOB_AGENCYFIRSTMTG,0,,,MINMOB_HELOC,0
MINMOB_AUTOBANK,0,,,MINMOB_HOMEEQUITYLOANS,0
MINMOB_AUTOFINANCE,0,,,MINMOB_MTGCREDIT,0
MINMOB_BANKCARDCREDIT,0,,,MINMOB_NONAGN,0
MINMOB_CONSUMERFINANCE,0,,,MINMOB_NONMTGCREDIT,0
MINMOB_HELOC,0,,,MINMOB_OTHERNONMTG,0
MINMOB_HOMEEQUITYLOANS,0,,,MINMOB_RETAILCREDIT,0
MINMOB_MTGCREDIT,0,,,MINMOB_STUDENTLOAN,0
MINMOB_NONAGN,0,,,MINMOB_TOTALALLCREDIT,0
MINMOB_NONMTGCREDIT,0,,,MISC,0
MINMOB_OTHERNONMTG,0,,,MSR,0
MINMOB_RETAILCREDIT,0,,,N1819,0
MINMOB_STUDENTLOAN,0,,,N2029,0
MINMOB_TOTALALLCREDIT,0,,,N3039,0
MISC,0,,,N4049,0
MSR,0,,,N5059,0
N1819,0,,,N6064,0
N2029,0,,,N65P,0
N3039,0,,,NAH19,0
N4049,0,,,NETW,0
N5059,0,,,NETW30,0
N6064,0,,,NOC19,0
N65P,0,,,NPH19,0
NAH19,0,,,NUM_1STMTGCREDIT,0
NETW,0,,,NUM_1STMTGCREDIT_60DPD,0
NETW30,0,,,NUM_1STMTGCREDIT_NEW,0
NOC19,0,,,NUM_1STMTG_30TO59DPD,0
NPH19,0,,,NUM_1STMTG_60TO89DPD,0
NUM_1STMTGCREDIT,0,,,NUM_1STMTG_90TO119DPD,0
NUM_1STMTGCREDIT_60DPD,0,,,NUM_1STMTG_BANKRUPTCY,0
NUM_1STMTGCREDIT_NEW,0,,,NUM_1STMTG_COLLECTIONS,0
NUM_1STMTG_30TO59DPD,0,,,NUM_1STMTG_FORECLOSURE,0
NUM_1STMTG_60TO89DPD,0,,,NUM_1STMTG_SEVEREDEROG,0
NUM_1STMTG_90TO119DPD,0,,,NUM_AGENCY1STMORG_30TO59DPD,0
NUM_1STMTG_BANKRUPTCY,0,,,NUM_AGENCY1STMORG_60TO89DPD,0
NUM_1STMTG_COLLECTIONS,0,,,NUM_AGENCY1STMORG_90TO119DP,0
NUM_1STMTG_FORECLOSURE,0,,,NUM_AGENCY1STMORG_BANKRUPTC,0
NUM_1STMTG_SEVEREDEROG,0,,,NUM_AGENCY1STMORG_COLLECTIO,0
NUM_AGENCY1STMORG_30TO59DPD,0,,,NUM_AGENCY1STMORG_FORECLOSU,0
NUM_AGENCY1STMORG_60TO89DPD,0,,,NUM_AGENCY1STMORG_SEVEREDER,0
NUM_AGENCY1STMORG_90TO119DP,0,,,NUM_AGENCYFIRSTMTG,0
NUM_AGENCY1STMORG_BANKRUPTC,0,,,NUM_AGENCYFIRSTMTG_60DPD,0
NUM_AGENCY1STMORG_COLLECTIO,0,,,NUM_AGENCYFIRSTMTG_NEW,0
NUM_AGENCY1STMORG_FORECLOSU,0,,,NUM_AUTOBANK,0
NUM_AGENCY1STMORG_SEVEREDER,0,,,NUM_AUTOBANK_60DPD,0
NUM_AGENCYFIRSTMTG,0,,,NUM_AUTOBANK_NEW,0
NUM_AGENCYFIRSTMTG_60DPD,0,,,NUM_AUTOFINANCE,0
NUM_AGENCYFIRSTMTG_NEW,0,,,NUM_AUTOFINANCE_60DPD,0
NUM_AUTOBANK,0,,,NUM_AUTOFINANCE_NEW,0
NUM_AUTOBANK_60DPD,0,,,NUM_BANKCARDCREDIT,0
NUM_AUTOBANK_NEW,0,,,NUM_BANKCARDCREDIT_60DPD,0
NUM_AUTOFINANCE,0,,,NUM_BANKCARDCREDIT_NEW,0
NUM_AUTOFINANCE_60DPD,0,,,NUM_BANKCARD_30TO59DPD,0
NUM_AUTOFINANCE_NEW,0,,,NUM_BANKCARD_60TO89DPD,0
NUM_BANKCARDCREDIT,0,,,NUM_BANKCARD_90TO119DPD,0
NUM_BANKCARDCREDIT_60DPD,0,,,NUM_BANKCARD_BANKRUPTCY,0
NUM_BANKCARDCREDIT_NEW,0,,,NUM_BANKCARD_COLLECTIONS,0
NUM_BANKCARD_30TO59DPD,0,,,NUM_BANKCARD_SEVEREDEROG,0
NUM_BANKCARD_60TO89DPD,0,,,NUM_CONSUMERFINANCE,0
NUM_BANKCARD_90TO119DPD,0,,,NUM_CONSUMERFINANCE_60DPD,0
NUM_BANKCARD_BANKRUPTCY,0,,,NUM_CONSUMERFINANCE_NEW,0
NUM_BANKCARD_COLLECTIONS,0,,,NUM_DECISIONS,0
NUM_BANKCARD_SEVEREDEROG,0,,,NUM_HELOAN_30TO59DPD,0
NUM_CONSUMERFINANCE,0,,,NUM_HELOAN_60TO89DPD,0
NUM_CONSUMERFINANCE_60DPD,0,,,NUM_HELOAN_90TO119DPD,0
NUM_CONSUMERFINANCE_NEW,0,,,NUM_HELOAN_BANKRUPTCY,0
NUM_HELOAN_30TO59DPD,0,,,NUM_HELOAN_COLLECTIONS,0
NUM_HELOAN_60TO89DPD,0,,,NUM_HELOAN_FORECLOSURE,0
NUM_HELOAN_90TO119DPD,0,,,NUM_HELOAN_SEVEREDEROG,0
NUM_HELOAN_BANKRUPTCY,0,,,NUM_HELOC,0
NUM_HELOAN_COLLECTIONS,0,,,NUM_HELOC_30TO59DPD,0
NUM_HELOAN_FORECLOSURE,0,,,NUM_HELOC_60DPD,0
NUM_HELOAN_SEVEREDEROG,0,,,NUM_HELOC_60TO89DPD,0
NUM_HELOC,0,,,NUM_HELOC_90TO119DPD,0
NUM_HELOC_30TO59DPD,0,,,NUM_HELOC_BANKRUPTCY,0
NUM_HELOC_60DPD,0,,,NUM_HELOC_COLLECTIONS,0
NUM_HELOC_60TO89DPD,0,,,NUM_HELOC_FORECLOSURE,0
NUM_HELOC_90TO119DPD,0,,,NUM_HELOC_NEW,0
NUM_HELOC_BANKRUPTCY,0,,,NUM_HELOC_SEVEREDEROG,0
NUM_HELOC_COLLECTIONS,0,,,NUM_HOMEEQUITYLOANS,0
NUM_HELOC_FORECLOSURE,0,,,NUM_HOMEEQUITYLOANS_60DPD,0
NUM_HELOC_NEW,0,,,NUM_HOMEEQUITYLOANS_NEW,0
NUM_HELOC_SEVEREDEROG,0,,,NUM_MTGCREDIT,0
NUM_HOMEEQUITYLOANS,0,,,NUM_MTGCREDIT_60DPD,0
NUM_HOMEEQUITYLOANS_60DPD,0,,,NUM_MTGCREDIT_NEW,0
NUM_HOMEEQUITYLOANS_NEW,0,,,NUM_MTG_30TO59DPD,0
NUM_MTGCREDIT,0,,,NUM_MTG_60TO89DPD,0
NUM_MTGCREDIT_60DPD,0,,,NUM_MTG_90TO119DPD,0
NUM_MTGCREDIT_NEW,0,,,NUM_MTG_BANKRUPTCY,0
NUM_MTG_30TO59DPD,0,,,NUM_MTG_COLLECTIONS,0
NUM_MTG_60TO89DPD,0,,,NUM_MTG_FORECLOSURE,0
NUM_MTG_90TO119DPD,0,,,NUM_MTG_SEVEREDEROG,0
NUM_MTG_BANKRUPTCY,0,,,NUM_NONAGN1STMORG_30TO59DPD,0
NUM_MTG_COLLECTIONS,0,,,NUM_NONAGN1STMORG_60TO89DPD,0
NUM_MTG_FORECLOSURE,0,,,NUM_NONAGN1STMORG_90TO119DP,0
NUM_MTG_SEVEREDEROG,0,,,NUM_NONAGN1STMORG_BANKRUPTC,0
NUM_NONAGN1STMORG_30TO59DPD,0,,,NUM_NONAGN1STMORG_COLLECTIO,0
NUM_NONAGN1STMORG_60TO89DPD,0,,,NUM_NONAGN1STMORG_FORECLOSU,0
NUM_NONAGN1STMORG_90TO119DP,0,,,NUM_NONAGN1STMORG_SEVEREDER,0
NUM_NONAGN1STMORG_BANKRUPTC,0,,,NUM_NONAGNFIRSTMTG,0
NUM_NONAGN1STMORG_COLLECTIO,0,,,NUM_NONAGNFIRSTMTG_60DPD,0
NUM_NONAGN1STMORG_FORECLOSU,0,,,NUM_NONAGNFIRSTMTG_NEW,0
NUM_NONAGN1STMORG_SEVEREDER,0,,,NUM_NONMTGCREDIT,0
NUM_NONAGNFIRSTMTG,0,,,NUM_NONMTGCREDIT_60DPD,0
NUM_NONAGNFIRSTMTG_60DPD,0,,,NUM_NONMTGCREDIT_NEW,0
NUM_NONAGNFIRSTMTG_NEW,0,,,NUM_OTHERNONMTG,0
NUM_NONMTGCREDIT,0,,,NUM_OTHERNONMTG_60DPD,0
NUM_NONMTGCREDIT_60DPD,0,,,NUM_OTHERNONMTG_NEW,0
NUM_NONMTGCREDIT_NEW,0,,,NUM_RETAILCREDIT,0
NUM_OTHERNONMTG,0,,,NUM_RETAILCREDIT_60DPD,0
NUM_OTHERNONMTG_60DPD,0,,,NUM_RETAILCREDIT_NEW,0
NUM_OTHERNONMTG_NEW,0,,,NUM_STUDENTLOAN,0
NUM_RETAILCREDIT,0,,,NUM_STUDENTLOAN_60DPD,0
NUM_RETAILCREDIT_60DPD,0,,,NUM_STUDENTLOAN_NEW,0
NUM_RETAILCREDIT_NEW,0,,,NUM_TOTALALLCREDIT,0
NUM_STUDENTLOAN,0,,,NUM_TOTALALLCREDIT_30TO59DPD,0
NUM_STUDENTLOAN_60DPD,0,,,NUM_TOTALALLCREDIT_60DPD,0
NUM_STUDENTLOAN_NEW,0,,,NUM_TOTALALLCREDIT_60TO89DPD,0
NUM_TOTALALLCREDIT,0,,,NUM_TOTALALLCREDIT_90TO119DPD,0
NUM_TOTALALLCREDIT_30TO59DPD,0,,,NUM_TOTALALLCREDIT_BANKRUPTCY,0
NUM_TOTALALLCREDIT_60DPD,0,,,NUM_TOTALALLCREDIT_COLLECTIONS,0
NUM_TOTALALLCREDIT_60TO89DPD,0,,,NUM_TOTALALLCREDIT_FORECLOSURE,0
NUM_TOTALALLCREDIT_90TO119DPD,0,,,NUM_TOTALALLCREDIT_NEW,0
NUM_TOTALALLCREDIT_BANKRUPTCY,0,,,NUM_TOTALALLCREDIT_SEVEREDEROG,0
NUM_TOTALALLCREDIT_COLLECTIONS,0,,,NXSD,0
NUM_TOTALALLCREDIT_FORECLOSURE,0,,,OABIGTLL,0
NUM_TOTALALLCREDIT_NEW,0,,,OACHILD,0
NUM_TOTALALLCREDIT_SEVEREDEROG,0,,,OAGEN,0
NXSD,0,,,OAMEN,0
OABIGTLL,0,,,OANOGEN,0
OACHILD,0,,,OAPETITE,0
OAGEN,0,,,OAPLUS,0
OAMEN,0,,,OARTS,0
OANOGEN,0,,,OATEEN,0
OAPETITE,0,,,OAUTO,0
OAPLUS,0,,,OAWOMEN,0
OARTS,0,,,OBEAUTY,0
OATEEN,0,,,OBOOKS,0
OAUTO,0,,,OCHILDPR,0
OAWOMEN,0,,,OCOLLECT,0
OBEAUTY,0,,,OCOMPHMO,0
OBOOKS,0,,,OCRAFTS,0
OCHILDPR,0,,,OELECTNC,0
OCOLLECT,0,,,OFOOD,0
OCOMPHMO,0,,,OFURNITR,0
OCRAFTS,0,,,OGARDEN,0
OELECTNC,0,,,OGEN,0
OFOOD,0,,,OGIFT,0
OFURNITR,0,,,OHEALTH,0
OGARDEN,0,,,OHMCARE,0
OGEN,0,,,OHMFURN,0
OGIFT,0,,,OHOLIDAY,0
OHEALTH,0,,,OHSWARE,0
OHMCARE,0,,,OILC,0
OHMFURN,0,,,OJEWELRY,0
OHOLIDAY,0,,,OLINENS,0
OHSWARE,0,,,OMUSIC,0
OILC,0,,,ONLA,0
OJEWELRY,0,,,ONOVEL,0
OLINENS,0,,,OOTHER,0
OMUSIC,0,,,OPA,0
ONLA,0,,,OPERCARE,0
ONOVEL,0,,,OPETS,0
OOTHER,0,,,OPHOTO,0
OPA,0,,,ORIG_DBA_BFOR,0
OPERCARE,0,,,OSPECFD,0
OPETS,0,,,OSPECGFT,0
OPHOTO,0,,,OSPORTS,0
ORIG_DBA_BFOR,0,,,OSTATION,0
OSPECFD,0,,,OTRAVEL,0
OSPECGFT,0,,,OVIDDVD,0
OSPORTS,0,,,PACNE,0
OSTATION,0,,,PADHDADD,0
OTRAVEL,0,,,PADHDADM,0
OVIDDVD,0,,,PALLERG,0
PACNE,0,,,PALLERGY,0
PADHDADD,0,,,PALZHMR,0
PADHDADM,0,,,PANTIDEP,0
PALLERG,0,,,PANXIETY,0
PALLERGY,0,,,PARTHITS,0
PALZHMR,0,,,PARTHRTS,0
PANTIDEP,0,,,PARTRSCS,0
PANXIETY,0,,,PASTHMA,0
PARTHITS,0,,,PASTHMAM,0
PARTHRTS,0,,,PATHFOOT,0
PARTRSCS,0,,,PBACKPN,0
PASTHMA,0,,,PBED,0
PASTHMAM,0,,,PBIPMEDS,0
PATHFOOT,0,,,PBIPOLAR,0
PBACKPN,0,,,PBLADDER,0
PBED,0,,,PBLOOD,0
PBIPMEDS,0,,,PBRONCH,0
PBIPOLAR,0,,,PBRSTCAN,0
PBLADDER,0,,,PCANCER,0
PBLOOD,0,,,PCARPAL,0
PBRONCH,0,,,PCHODIET,0
PBRSTCAN,0,,,PCHOLMED,0
PCANCER,0,,,PCHRNCPN,0
PCARPAL,0,,,PCLDSORE,0
PCHODIET,0,,,PCOLITIS,0
PCHOLMED,0,,,PCOLON,0
PCHRNCPN,0,,,PCONSTIP,0
PCLDSORE,0,,,PCOPD,0
PCOLITIS,0,,,PCORRECT,0
PCOLON,0,,,PCROHNS,0
PCONSTIP,0,,,PDANDRUF,0
PCOPD,0,,,PDENTURE,0
PCORRECT,0,,,PDEPRESS,0
PCROHNS,0,,,PDETROL,0
PDANDRUF,0,,,PDIABETE,0
PDENTURE,0,,,PDIADIET,0
PDEPRESS,0,,,PDIAINSU,0
PDETROL,0,,,PDIAORAL,0
PDIABETE,0,,,PDIAOTHR,0
PDIADIET,0,,,PDIATYP1,0
PDIAINSU,0,,,PDIATYP2,0
PDIAORAL,0,,,PDNT,0
PDIAOTHR,0,,,PDPE,0
PDIATYP1,0,,,PDRY,0
PDIATYP2,0,,,PECZEMA,0
PDNT,0,,,PEMPHYSM,0
PDPE,0,,,PEPIL,0
PDRY,0,,,PFALLERG,0
PECZEMA,0,,,PGAS,0
PEMPHYSM,0,,,PGASTRIT,0
PEPIL,0,,,PGERDACD,0
PFALLERG,0,,,PGINGIVT,0
PGAS,0,,,PGLCOPHG,0
PGASTRIT,0,,,PHAIRLSS,0
PGERDACD,0,,,PHANDICP,0
PGINGIVT,0,,,PHBPMED,0
PGLCOPHG,0,,,PHEARING,0
PHAIRLSS,0,,,PHEARTAT,0
PHANDICP,0,,,PHEARTRX,0
PHBPMED,0,,,PHEM,0
PHEARING,0,,,PHEMORR,0
PHEARTAT,0,,,PHGBLPRS,0
PHEARTRX,0,,,PHGCHOLS,0
PHEM,0,,,PHOFFERS,0
PHEMORR,0,,,PHORM,0
PHGBLPRS,0,,,PHRL,0
PHGCHOLS,0,,,PHRTACID,0
PHOFFERS,0,,,PHRTMEDS,0
PHORM,0,,,PIBS,0
PHRL,0,,,PILOTS,0
PHRTACID,0,,,PIMITREX,0
PHRTMEDS,0,,,PIMPOTNC,0
PIBS,0,,,PINSOMNA,0
PILOTS,0,,,PJPAIN,0
PIMITREX,0,,,PKID,0
PIMPOTNC,0,,,PLAC,0
PINSOMNA,0,,,PLASERVC,0
PJPAIN,0,,,PLIPITOR,0
PKID,0,,,PMENOPS,0
PLAC,0,,,PMENSTRL,0
PLASERVC,0,,,PMIGRHED,0
PLIPITOR,0,,,PMONITOR,0
PMENOPS,0,,,PMULTSCL,0
PMENSTRL,0,,,PNAILFUN,0
PMIGRHED,0,,,PNLFUNGS,0
PMONITOR,0,,,PNSLALRG,0
PMULTSCL,0,,,POBESITM,0
PNAILFUN,0,,,POBESITY,0
PNLFUNGS,0,,,POEP,0
PNSLALRG,0,,,POLICYHOLDER_AGE,0
POBESITM,0,,,POLICY_AGE_2,0
POBESITY,0,,,PORALINJ,0
POEP,0,,,POSTEOA,0
POLICYHOLDER_AGE,0,,,POSTEOP,0
PORALINJ,0,,,POSTMEDS,0
POSTEOA,0,,,PPAIN,0
POSTEOP,0,,,PPREMARN,0
POSTMEDS,0,,,PPRESENT,0
PPAIN,0,,,PPRK,0
PPREMARN,0,,,PPROSCAN,0
PPRESENT,0,,,PPROSTAT,0
PPRK,0,,,PPSORIAS,0
PPROSCAN,0,,,PRCNT_1STMTGCREDIT,0
PPROSTAT,0,,,PRCNT_AGENCYFIRSTMTG,0
PPSORIAS,0,,,PRCNT_AUTOBANK,0
PRCNT_1STMTGCREDIT,0,,,PRCNT_AUTOFINANCE,0
PRCNT_AGENCYFIRSTMTG,0,,,PRCNT_AUTOLEASEMATURATION,0
PRCNT_AUTOBANK,0,,,PRCNT_AUTOLOANMATURATION,0
PRCNT_AUTOFINANCE,0,,,PRCNT_BANKCARDCREDIT,0
PRCNT_AUTOLEASEMATURATION,0,,,PRCNT_CONSUMERFINANCE,0
PRCNT_AUTOLOANMATURATION,0,,,PRCNT_CURRENTADDRESS,0
PRCNT_BANKCARDCREDIT,0,,,PRCNT_HELOC,0
PRCNT_CONSUMERFINANCE,0,,,PRCNT_HOMEEQUITYLOANS,0
PRCNT_CURRENTADDRESS,0,,,PRCNT_INQUIRIES,0
PRCNT_HELOC,0,,,PRCNT_MTGCREDIT,0
PRCNT_HOMEEQUITYLOANS,0,,,PRCNT_NEWAUTOLOAN,0
PRCNT_INQUIRIES,0,,,PRCNT_NEWMTGTRADE,0
PRCNT_MTGCREDIT,0,,,PRCNT_NONAGNFIRSTMTG,0
PRCNT_NEWAUTOLOAN,0,,,PRCNT_NONMTGCREDIT,0
PRCNT_NEWMTGTRADE,0,,,PRCNT_OTHERNONMTG,0
PRCNT_NONAGNFIRSTMTG,0,,,PRCNT_RETAILCREDIT,0
PRCNT_NONMTGCREDIT,0,,,PRCNT_STUDENTLOAN,0
PRCNT_OTHERNONMTG,0,,,PRCNT_TOTALALLCREDIT,0
PRCNT_RETAILCREDIT,0,,,PRDM,0
PRCNT_STUDENTLOAN,0,,,PREF_DISC_F,0
PRCNT_TOTALALLCREDIT,0,,,PREM_PAID_TOT_2,0
PRDM,0,,,PRESCA,0
PREF_DISC_F,0,,,PRESHI,0
PRESCA,0,,,PRESMI,0
PRESHI,0,,,PRESRI,0
PRESMI,0,,,PRESSURV,0
PRESRI,0,,,PRESTI,0
PRESSURV,0,,,PRHEUMTS,0
PRESTI,0,,,PRIMARY_INSURED_FLAG,0
PRHEUMTS,0,,,PRODUCT_PLCY_LIVES,0
PRIMARY_INSURED_FLAG,0,,,PSCAR,0
PSCAR,0,,,PSINUSIT,0
PSINUSIT,0,,,PSIR,0
PSIR,0,,,PSKINMED,0
PSKINMED,0,,,PSLPMEDS,0
PSLPMEDS,0,,,PSNORING,0
PSNORING,0,,,PSPINAL,0
PSPINAL,0,,,PTRIAL,0
PTRIAL,0,,,PULCER,0
PULCER,0,,,PVIAGRA,0
PVIAGRA,0,,,PVIS,0
PVIS,0,,,PVITSUPP,0
PVITSUPP,0,,,PWEIGHT,0
PWEIGHT,0,,,PWHEELCH,0
PWHEELCH,0,,,QHH,0
QHH,0,,,QIND,0
QIND,0,,,RABIGTLL,0
RABIGTLL,0,,,RACHILD,0
RACHILD,0,,,RAGEN,0
RAGEN,0,,,RAMEN,0
RAMEN,0,,,RANOGEN,0
RANOGEN,0,,,RAPETITE,0
RAPETITE,0,,,RAPLUS,0
RAPLUS,0,,,RARTS,0
RARTS,0,,,RATEEN,0
RATEEN,0,,,RATE_INCR_AFFORD,0
RAUTO,0,,,RAUTO,0
RAWOMEN,0,,,RAWOMEN,0
RBEAUTY,0,,,RBEAUTY,0
RBOOKS,0,,,RBOOKS,0
RCHILDPR,0,,,RCHILDPR,0
RCOLLECT,0,,,RCOLLECT,0
RCOMPHMO,0,,,RCOMPHMO,0
RCRAFTS,0,,,RCRAFTS,0
RDOLLARS,0,,,RDOLLARS,0
RELECTNC,0,,,RELECTNC,0
RESPONSE_PRE,0,,,RETAIL,0
RETAIL,0,,,RFOOD,0
RFOOD,0,,,RFURNITR,0
RFURNITR,0,,,RGARDEN,0
RGARDEN,0,,,RGEN,0
RGEN,0,,,RGIFT,0
RGIFT,0,,,RHEALTH,0
RHEALTH,0,,,RHMCARE,0
RHMCARE,0,,,RHMFURN,0
RHMFURN,0,,,RHOLIDAY,0
RHOLIDAY,0,,,RHSWARE,0
RHSWARE,0,,,RJEWELRY,0
RJEWELRY,0,,,RLINENS,0
RLINENS,0,,,RMUSIC,0
RMUSIC,0,,,RNOVEL,0
RNOVEL,0,,,RORDERS,0
RORDERS,0,,,ROTHER,0
ROTHER,0,,,RPERCARE,0
RPERCARE,0,,,RPETS,0
RPETS,0,,,RPHOTO,0
RPHOTO,0,,,RSPECFD,0
RSPECFD,0,,,RSPECGFT,0
RSPECGFT,0,,,RSPORTS,0
RSPORTS,0,,,RSTATION,0
RSTATION,0,,,RTRAVEL,0
RTRAVEL,0,,,RVIDDVD,0
RVIDDVD,0,,,SEV_AC_RAWSCR,0
SEV_AC_RAWSCR,0,,,SEV_AC_TRANS,0
SEV_AC_TRANS,0,,,SEV_CARDIO_RAWSCR,0
SEV_CARDIO_RAWSCR,0,,,SEV_CARDIO_TRANS,0
SEV_CARDIO_TRANS,0,,,SEV_CERV_RAWSCR,0
SEV_CERV_RAWSCR,0,,,SEV_CERV_TRANS,0
SEV_CERV_TRANS,0,,,SEV_DIAB_RAWSCR,0
SEV_DIAB_RAWSCR,0,,,SEV_DIAB_TRANS,0
SEV_DIAB_TRANS,0,,,SEV_DRUG_RAWSCR,0
SEV_DRUG_RAWSCR,0,,,SEV_DRUG_TRANS,0
SEV_DRUG_TRANS,0,,,SEV_HERNIA_RAWSCR,0
SEV_HERNIA_RAWSCR,0,,,SEV_HERNIA_TRANS,0
SEV_HERNIA_TRANS,0,,,SEV_HYPT_RAWSCR,0
SEV_HYPT_RAWSCR,0,,,SEV_HYPT_TRANS,0
SEV_HYPT_TRANS,0,,,SEV_MENTAL_RAWSCR,0
SEV_MENTAL_RAWSCR,0,,,SEV_MENTAL_TRANS,0
SEV_MENTAL_TRANS,0,,,SEV_MUSC_RAWSCR,0
SEV_MUSC_RAWSCR,0,,,SEV_MUSC_TRANS,0
SEV_MUSC_TRANS,0,,,SEV_NF_RAWSCR,0
SEV_NF_RAWSCR,0,,,SEV_NF_TRANS,0
SEV_NF_TRANS,0,,,SEV_NM_RAWSCR,0
SEV_NM_RAWSCR,0,,,SEV_NM_TRANS,0
SEV_NM_TRANS,0,,,SEV_NO_RAWSCR,0
SEV_NO_RAWSCR,0,,,SEV_NO_TRANS,0
SEV_NO_TRANS,0,,,SEV_NT_RAWSCR,0
SEV_NT_RAWSCR,0,,,SEV_NT_TRANS,0
SEV_NT_TRANS,0,,,SEV_PREG_RAWSCR,0
SEV_PREG_RAWSCR,0,,,SEV_PREG_TRANS,0
SEV_PREG_TRANS,0,,,SEV_RESP_RAWSCR,0
SEV_RESP_RAWSCR,0,,,SEV_RESP_TRANS,0
SEV_RESP_TRANS,0,,,SGDI,0
SGDI,0,,,SGFA,0
SGFA,0,,,SGHL,0
SGHL,0,,,SGLL,0
SGLL,0,,,SGOE,0
SGOE,0,,,SGPA,0
SGPA,0,,,SGSE,0
SGSE,0,,,SGTC,0
SGTC,0,,,SGUP,0
SGUP,0,,,SHARED_POLICY,0
SNOW,0,,,SNOW,0
SOHOHH,0,,,SOHOHH,0
SOHOIN,0,,,SOHOIN,0
SPEA,0,,,SPEA,0
SPEC,0,,,SPEC,0
SPENDPAT,0,,,SPENDPAT,0
SPGD,0,,,SPGD,0
SRET,0,,,SRET,0
SSON,0,,,SSON,0
STATE_PARTNERSHIP,0,,,STATE_PARTNERSHIP,0
TINS,0,,,TINS,0
TRAD,0,,,TRAD,0
TRVL,0,,,TRVL,0
TVMA,0,,,TVMA,0
U18,0,,,U18,0
VAC,0,,,VAC,0
VETERAN,0,,,VETERAN,0
VFLAG,0,,,VFLAG,0
VOTE,0,,,VOTE,0
ZAGG_AACD,0,,,ZAGG_AACD,0
ZAGG_AACN,0,,,ZAGG_AACN,0
ZAGG_AADD,0,,,ZAGG_AADD,0
ZAGG_AALL,0,,,ZAGG_AALL,0
ZAGG_AALZ,0,,,ZAGG_AALZ,0
ZAGG_AANG,0,,,ZAGG_AANG,0
ZAGG_AANX,0,,,ZAGG_AANX,0
ZAGG_AART,0,,,ZAGG_AART,0
ZAGG_AASM,0,,,ZAGG_AASM,0
ZAGG_AASN,0,,,ZAGG_AASN,0
ZAGG_AAST,0,,,ZAGG_AAST,0
ZAGG_ABBA,0,,,ZAGG_ABBA,0
ZAGG_ABBL,0,,,ZAGG_ABBL,0
ZAGG_ABCE,0,,,ZAGG_ABCE,0
ZAGG_ABCK,0,,,ZAGG_ABCK,0
ZAGG_ABED,0,,,ZAGG_ABED,0
ZAGG_ABLD,0,,,ZAGG_ABLD,0
ZAGG_ABRC,0,,,ZAGG_ABRC,0
ZAGG_ABRT,0,,,ZAGG_ABRT,0
ZAGG_ACDE,0,,,ZAGG_ACDE,0
ZAGG_ACFS,0,,,ZAGG_ACFS,0
ZAGG_ACGH,0,,,ZAGG_ACGH,0
ZAGG_ACLD,0,,,ZAGG_ACLD,0
ZAGG_ACNC,0,,,ZAGG_ACNC,0
ZAGG_ACNK,0,,,ZAGG_ACNK,0
ZAGG_ACNS,0,,,ZAGG_ACNS,0
ZAGG_ACNT,0,,,ZAGG_ACNT,0
ZAGG_ACPM,0,,,ZAGG_ACPM,0
ZAGG_ACRN,0,,,ZAGG_ACRN,0
ZAGG_ADAN,0,,,ZAGG_ADAN,0
ZAGG_ADBT,0,,,ZAGG_ADBT,0
ZAGG_ADDE,0,,,ZAGG_ADDE,0
ZAGG_ADEN,0,,,ZAGG_ADEN,0
ZAGG_ADEP,0,,,ZAGG_ADEP,0
ZAGG_ADGS,0,,,ZAGG_ADGS,0
ZAGG_ADIS,0,,,ZAGG_ADIS,0
ZAGG_ADNT,0,,,ZAGG_ADNT,0
ZAGG_ADOM,0,,,ZAGG_ADOM,0
ZAGG_ADOT,0,,,ZAGG_ADOT,0
ZAGG_ADRY,0,,,ZAGG_ADRY,0
ZAGG_ADT1,0,,,ZAGG_ADT1,0
ZAGG_ADT2,0,,,ZAGG_ADT2,0
ZAGG_ADTU,0,,,ZAGG_ADTU,0
ZAGG_ADUM,0,,,ZAGG_ADUM,0
ZAGG_AECZ,0,,,ZAGG_AECZ,0
ZAGG_AERC,0,,,ZAGG_AERC,0
ZAGG_AFOD,0,,,ZAGG_AFOD,0
ZAGG_AFTA,0,,,ZAGG_AFTA,0
ZAGG_AFTC,0,,,ZAGG_AFTC,0
ZAGG_AGAS,0,,,ZAGG_AGAS,0
ZAGG_AGAST,0,,,ZAGG_AGAST,0
ZAGG_AGBLOOD,0,,,ZAGG_AGBLOOD,0
ZAGG_AGCANCER,0,,,ZAGG_AGCANCER,0
ZAGG_AGDIAB,0,,,ZAGG_AGDIAB,0
ZAGG_AGDIG,0,,,ZAGG_AGDIG,0
ZAGG_AGFEM,0,,,ZAGG_AGFEM,0
ZAGG_AGFOOT,0,,,ZAGG_AGFOOT,0
ZAGG_AGHEART,0,,,ZAGG_AGHEART,0
ZAGG_AGJOINT,0,,,ZAGG_AGJOINT,0
ZAGG_AGMALE,0,,,ZAGG_AGMALE,0
ZAGG_AGMOUTH,0,,,ZAGG_AGMOUTH,0
ZAGG_AGNOSE,0,,,ZAGG_AGNOSE,0
ZAGG_AGPAIN,0,,,ZAGG_AGPAIN,0
ZAGG_AGPROG,0,,,ZAGG_AGPROG,0
ZAGG_AGPSYCO,0,,,ZAGG_AGPSYCO,0
ZAGG_AGRD,0,,,ZAGG_AGRD,0
ZAGG_AGRESP,0,,,ZAGG_AGRESP,0
ZAGG_AGSKIN,0,,,ZAGG_AGSKIN,0
ZAGG_AGURINAR,0,,,ZAGG_AGURINAR,0
ZAGG_AGVSN,0,,,ZAGG_AGVSN,0
ZAGG_AGWEIGHT,0,,,ZAGG_AGWEIGHT,0
ZAGG_AHAR,0,,,ZAGG_AHAR,0
ZAGG_AHBP,0,,,ZAGG_AHBP,0
ZAGG_AHCH,0,,,ZAGG_AHCH,0
ZAGG_AHED,0,,,ZAGG_AHED,0
ZAGG_AHEM,0,,,ZAGG_AHEM,0
ZAGG_AHRA,0,,,ZAGG_AHRA,0
ZAGG_AHRL,0,,,ZAGG_AHRL,0
ZAGG_AHRT,0,,,ZAGG_AHRT,0
ZAGG_AIBS,0,,,ZAGG_AIBS,0
ZAGG_AILM,0,,,ZAGG_AILM,0
ZAGG_AILMENT,0,,,ZAGG_AILMENT,0
ZAGG_AINS,0,,,ZAGG_AINS,0
ZAGG_AIRCRAFT,0,,,ZAGG_AIRCRAFT,0
ZAGG_AIRR,0,,,ZAGG_AIRR,0
ZAGG_AKID,0,,,ZAGG_AKID,0
ZAGG_ALAC,0,,,ZAGG_ALAC,0
ZAGG_ALNG,0,,,ZAGG_ALNG,0
ZAGG_AMAC,0,,,ZAGG_AMAC,0
ZAGG_AMEN,0,,,ZAGG_AMEN,0
ZAGG_AMGR,0,,,ZAGG_AMGR,0
ZAGG_AMLS,0,,,ZAGG_AMLS,0
ZAGG_ANAS,0,,,ZAGG_ANAS,0
ZAGG_ANOS,0,,,ZAGG_ANOS,0
ZAGG_AOSA,0,,,ZAGG_AOSA,0
ZAGG_AOST,0,,,ZAGG_AOST,0
ZAGG_APAN,0,,,ZAGG_APAN,0
ZAGG_APAR,0,,,ZAGG_APAR,0
ZAGG_APRK,0,,,ZAGG_APRK,0
ZAGG_APT_A,0,,,ZAGG_APT_A,0
ZAGG_APT_B,0,,,ZAGG_APT_B,0
ZAGG_APT_C,0,,,ZAGG_APT_C,0
ZAGG_APT_M,0,,,ZAGG_APT_M,0
ZAGG_APT_P,0,,,ZAGG_APT_P,0
ZAGG_APT_S,0,,,ZAGG_APT_S,0
ZAGG_APT_T,0,,,ZAGG_APT_T,0
ZAGG_APT_W,0,,,ZAGG_APT_W,0
ZAGG_ARES,0,,,ZAGG_ARES,0
ZAGG_ARHM,0,,,ZAGG_ARHM,0
ZAGG_ASIR,0,,,ZAGG_ASIR,0
ZAGG_ASKN,0,,,ZAGG_ASKN,0
ZAGG_ASNR,0,,,ZAGG_ASNR,0
ZAGG_ASTK,0,,,ZAGG_ASTK,0
ZAGG_ATNF,0,,,ZAGG_ATNF,0
ZAGG_ATTH,0,,,ZAGG_ATTH,0
ZAGG_ATV,0,,,ZAGG_ATV,0
ZAGG_AVIS,0,,,ZAGG_AVIS,0
ZAGG_AWGH,0,,,ZAGG_AWGH,0
ZAGG_BANK,0,,,ZAGG_BANK,0
ZAGG_BAVGDOLL,0,,,ZAGG_BAVGDOLL,0
ZAGG_BAVGOFDL,0,,,ZAGG_BAVGOFDL,0
ZAGG_BAVGONDL,0,,,ZAGG_BAVGONDL,0
ZAGG_BC_M,0,,,ZAGG_BC_M,0
ZAGG_BC_Y,0,,,ZAGG_BC_Y,0
ZAGG_BNKI,0,,,ZAGG_BNKI,0
ZAGG_BOAT,0,,,ZAGG_BOAT,0
ZAGG_BOFDOLLR,0,,,ZAGG_BOFDOLLR,0
ZAGG_BOFORDER,0,,,ZAGG_BOFORDER,0
ZAGG_BONDOLLR,0,,,ZAGG_BONDOLLR,0
ZAGG_BONORDER,0,,,ZAGG_BONORDER,0
ZAGG_BPAMEXY,0,,,ZAGG_BPAMEXY,0
ZAGG_BPCREDIT,0,,,ZAGG_BPCREDIT,0
ZAGG_BPDISCVR,0,,,ZAGG_BPDISCVR,0
ZAGG_BPHOUSE,0,,,ZAGG_BPHOUSE,0
ZAGG_BPMASTER,0,,,ZAGG_BPMASTER,0
ZAGG_BPRETAIL,0,,,ZAGG_BPRETAIL,0
ZAGG_BPVISA,0,,,ZAGG_BPVISA,0
ZAGG_BTOTLDOL,0,,,ZAGG_BTOTLDOL,0
ZAGG_BTOTLORD,0,,,ZAGG_BTOTLORD,0
ZAGG_BUYER,0,,,ZAGG_BUYER,0
ZAGG_C210APVT,0,,,ZAGG_C210APVT,0
ZAGG_C210AUTO,0,,,ZAGG_C210AUTO,0
ZAGG_C210B200,0,,,ZAGG_C210B200,0
ZAGG_C210BLU,0,,,ZAGG_C210BLU,0
ZAGG_C210BPVT,0,,,ZAGG_C210BPVT,0
ZAGG_C210CIP,0,,,ZAGG_C210CIP,0
ZAGG_C210EBI,0,,,ZAGG_C210EBI,0
ZAGG_C210HMI,0,,,ZAGG_C210HMI,0
ZAGG_C210HVA,0,,,ZAGG_C210HVA,0
ZAGG_C210KSES,0,,,ZAGG_C210KSES,0
ZAGG_C210M200,0,,,ZAGG_C210M200,0
ZAGG_C210MAH,0,,,ZAGG_C210MAH,0
ZAGG_C210MOB,0,,,ZAGG_C210MOB,0
ZAGG_C210MYS_1,0,,,ZAGG_C210MYS_1,0
ZAGG_C210MYS_2,0,,,ZAGG_C210MYS_2,0
ZAGG_C210MYS_3,0,,,ZAGG_C210MYS_3,0
ZAGG_C210MYS_4,0,,,ZAGG_C210MYS_4,0
ZAGG_C210MYS_5,0,,,ZAGG_C210MYS_5,0
ZAGG_C210MYS_6,0,,,ZAGG_C210MYS_6,0
ZAGG_C210MYS_7,0,,,ZAGG_C210MYS_7,0
ZAGG_C210MYS_8,0,,,ZAGG_C210MYS_8,0
ZAGG_C210MYS_9,0,,,ZAGG_C210MYS_9,0
ZAGG_C210P00,0,,,ZAGG_C210P00,0
ZAGG_C210PBL,0,,,ZAGG_C210PBL,0
ZAGG_C210PDV,0,,,ZAGG_C210PDV,0
ZAGG_C210PHI,0,,,ZAGG_C210PHI,0
ZAGG_C210PMR,0,,,ZAGG_C210PMR,0
ZAGG_C210PMV,0,,,ZAGG_C210PMV,0
ZAGG_C210PSU,0,,,ZAGG_C210PSU,0
ZAGG_C210PWC,0,,,ZAGG_C210PWC,0
ZAGG_C210PWH,0,,,ZAGG_C210PWH,0
ZAGG_C210WHT,0,,,ZAGG_C210WHT,0
ZAGG_CA00,0,,,ZAGG_CA00,0
ZAGG_CA00_Y,0,,,ZAGG_CA00_Y,0
ZAGG_CA03,0,,,ZAGG_CA03,0
ZAGG_CA03_Y,0,,,ZAGG_CA03_Y,0
ZAGG_CA06,0,,,ZAGG_CA06,0
ZAGG_CA06_Y,0,,,ZAGG_CA06_Y,0
ZAGG_CA11,0,,,ZAGG_CA11,0
ZAGG_CA11_Y,0,,,ZAGG_CA11_Y,0
ZAGG_CA16,0,,,ZAGG_CA16,0
ZAGG_CA16_Y,0,,,ZAGG_CA16_Y,0
ZAGG_CALAGE,0,,,ZAGG_CALAGE,0
ZAGG_CCW,0,,,ZAGG_CCW,0
ZAGG_CE,0,,,ZAGG_CE,0
ZAGG_CO,0,,,ZAGG_CO,0
ZAGG_COLLEGE,0,,,ZAGG_COLLEGE,0
ZAGG_CONSHOP,0,,,ZAGG_CONSHOP,0
ZAGG_CSR,0,,,ZAGG_CSR,0
ZAGG_EMDM,0,,,ZAGG_EMDM,0
ZAGG_ESTDII30,0,,,ZAGG_ESTDII30,0
ZAGG_ESTDII30_0,0,,,ZAGG_ESTDII30_0,0
ZAGG_ESTDII30_1,0,,,ZAGG_ESTDII30_1,0
ZAGG_ESTDII30_2,0,,,ZAGG_ESTDII30_2,0
ZAGG_ESTDII30_3,0,,,ZAGG_ESTDII30_3,0
ZAGG_ESTDII30_4,0,,,ZAGG_ESTDII30_4,0
ZAGG_ESTDII30_5,0,,,ZAGG_ESTDII30_5,0
ZAGG_ESTDII30_6,0,,,ZAGG_ESTDII30_6,0
ZAGG_ESTDII30_7,0,,,ZAGG_ESTDII30_7,0
ZAGG_ESTDII30_8,0,,,ZAGG_ESTDII30_8,0
ZAGG_ESTDII30_9,0,,,ZAGG_ESTDII30_9,0
ZAGG_ESTINC30_007,0,,,ZAGG_ESTINC30_007,0
ZAGG_ESTINC30_017,0,,,ZAGG_ESTINC30_017,0
ZAGG_ESTINC30_025,0,,,ZAGG_ESTINC30_025,0
ZAGG_ESTINC30_035,0,,,ZAGG_ESTINC30_035,0
ZAGG_ESTINC30_045,0,,,ZAGG_ESTINC30_045,0
ZAGG_ESTINC30_055,0,,,ZAGG_ESTINC30_055,0
ZAGG_ESTINC30_067,0,,,ZAGG_ESTINC30_067,0
ZAGG_ESTINC30_087,0,,,ZAGG_ESTINC30_087,0
ZAGG_ESTINC30_112,0,,,ZAGG_ESTINC30_112,0
ZAGG_ESTINC30_137,0,,,ZAGG_ESTINC30_137,0
ZAGG_ESTINC30_174,0,,,ZAGG_ESTINC30_174,0
ZAGG_ESTINC30_224,0,,,ZAGG_ESTINC30_224,0
ZAGG_ESTINC30_324,0,,,ZAGG_ESTINC30_324,0
ZAGG_ESTINC30_449,0,,,ZAGG_ESTINC30_449,0
ZAGG_ESTINC30_500,0,,,ZAGG_ESTINC30_500,0
ZAGG_ESTINC30__AVE_A_,0,,,ZAGG_ESTINC30__AVE_A_,0
ZAGG_FAM00__U18_,0,,,ZAGG_FAM00__U18_,0
ZAGG_FAM18__N1819_,0,,,ZAGG_FAM18__N1819_,0
ZAGG_FAM20__N2029_,0,,,ZAGG_FAM20__N2029_,0
ZAGG_FAM30__N3039_,0,,,ZAGG_FAM30__N3039_,0
ZAGG_FAM40__N4049_,0,,,ZAGG_FAM40__N4049_,0
ZAGG_FAM50__N5049_,0,,,ZAGG_FAM50__N5049_,0
ZAGG_FAM60__N6064_,0,,,ZAGG_FAM60__N6064_,0
ZAGG_FAM65__N67P_,0,,,ZAGG_FAM65__N67P_,0
ZAGG_FAMP_C,0,,,ZAGG_FAMP_C,0
ZAGG_FAMP_F,0,,,ZAGG_FAMP_F,0
ZAGG_FAMP_G,0,,,ZAGG_FAMP_G,0
ZAGG_FAMP_H,0,,,ZAGG_FAMP_H,0
ZAGG_FAMP_M,0,,,ZAGG_FAMP_M,0
ZAGG_FAMP_O,0,,,ZAGG_FAMP_O,0
ZAGG_FAMP_P,0,,,ZAGG_FAMP_P,0
ZAGG_FAMP_W,0,,,ZAGG_FAMP_W,0
ZAGG_FINB,0,,,ZAGG_FINB,0
ZAGG_FINC,0,,,ZAGG_FINC,0
ZAGG_FINI,0,,,ZAGG_FINI,0
ZAGG_FURN,0,,,ZAGG_FURN,0
ZAGG_GEND_F,0,,,ZAGG_GEND_F,0
ZAGG_GEND_M,0,,,ZAGG_GEND_M,0
ZAGG_GROC,0,,,ZAGG_GROC,0
ZAGG_HHCOMP_A,0,,,ZAGG_HHCOMP_A,0
ZAGG_HHCOMP_B,0,,,ZAGG_HHCOMP_B,0
ZAGG_HHCOMP_C,0,,,ZAGG_HHCOMP_C,0
ZAGG_HHCOMP_D,0,,,ZAGG_HHCOMP_D,0
ZAGG_HHCOMP_E,0,,,ZAGG_HHCOMP_E,0
ZAGG_HHCOMP_F,0,,,ZAGG_HHCOMP_F,0
ZAGG_HHCOMP_G,0,,,ZAGG_HHCOMP_G,0
ZAGG_HHCOMP_H,0,,,ZAGG_HHCOMP_H,0
ZAGG_HHCOMP_I,0,,,ZAGG_HHCOMP_I,0
ZAGG_HHCOMP_J,0,,,ZAGG_HHCOMP_J,0
ZAGG_HHCOMP_K,0,,,ZAGG_HHCOMP_K,0
ZAGG_HHCOMP_L,0,,,ZAGG_HHCOMP_L,0
ZAGG_HOMI,0,,,ZAGG_HOMI,0
ZAGG_HOMO,0,,,ZAGG_HOMO,0
ZAGG_HOMSTAT_P,0,,,ZAGG_HOMSTAT_P,0
ZAGG_HOMSTAT_R,0,,,ZAGG_HOMSTAT_R,0
ZAGG_HOMSTAT_T,0,,,ZAGG_HOMSTAT_T,0
ZAGG_HOMSTAT_U,0,,,ZAGG_HOMSTAT_U,0
ZAGG_HOMSTAT_Y,0,,,ZAGG_HOMSTAT_Y,0
ZAGG_HTFH,0,,,ZAGG_HTFH,0
ZAGG_IC,0,,,ZAGG_IC,0
ZAGG_ICAT,0,,,ZAGG_ICAT,0
ZAGG_ICCO,0,,,ZAGG_ICCO,0
ZAGG_ICDO,0,,,ZAGG_ICDO,0
ZAGG_ICFA,0,,,ZAGG_ICFA,0
ZAGG_ICFI,0,,,ZAGG_ICFI,0
ZAGG_ICOT,0,,,ZAGG_ICOT,0
ZAGG_ICPL,0,,,ZAGG_ICPL,0
ZAGG_ICSP,0,,,ZAGG_ICSP,0
ZAGG_ICST,0,,,ZAGG_ICST,0
ZAGG_IDAC,0,,,ZAGG_IDAC,0
ZAGG_IDAN,0,,,ZAGG_IDAN,0
ZAGG_IDC,0,,,ZAGG_IDC,0
ZAGG_IDCH,0,,,ZAGG_IDCH,0
ZAGG_IDEN,0,,,ZAGG_IDEN,0
ZAGG_IDHE,0,,,ZAGG_IDHE,0
ZAGG_IDLOW,0,,,ZAGG_IDLOW,0
ZAGG_IDNAT,0,,,ZAGG_IDNAT,0
ZAGG_IDOG,0,,,ZAGG_IDOG,0
ZAGG_IDOT,0,,,ZAGG_IDOT,0
ZAGG_IDPC,0,,,ZAGG_IDPC,0
ZAGG_IDPL,0,,,ZAGG_IDPL,0
ZAGG_IDRE,0,,,ZAGG_IDRE,0
ZAGG_IDVE,0,,,ZAGG_IDVE,0
ZAGG_IDVIT,0,,,ZAGG_IDVIT,0
ZAGG_IDWGHT,0,,,ZAGG_IDWGHT,0
ZAGG_IGC,0,,,ZAGG_IGC,0
ZAGG_IHBA,0,,,ZAGG_IHBA,0
ZAGG_IHBEAD,0,,,ZAGG_IHBEAD,0
ZAGG_IHBI,0,,,ZAGG_IHBI,0
ZAGG_IHCA,0,,,ZAGG_IHCA,0
ZAGG_IHCAC,0,,,ZAGG_IHCAC,0
ZAGG_IHCF,0,,,ZAGG_IHCF,0
ZAGG_IHCG,0,,,ZAGG_IHCG,0
ZAGG_IHCI,0,,,ZAGG_IHCI,0
ZAGG_IHCLF,0,,,ZAGG_IHCLF,0
ZAGG_IHCO,0,,,ZAGG_IHCO,0
ZAGG_IHCR,0,,,ZAGG_IHCR,0
ZAGG_IHDIY,0,,,ZAGG_IHDIY,0
ZAGG_IHEX,0,,,ZAGG_IHEX,0
ZAGG_IHGA,0,,,ZAGG_IHGA,0
ZAGG_IHGF,0,,,ZAGG_IHGF,0
ZAGG_IHGO,0,,,ZAGG_IHGO,0
ZAGG_IHGREEN,0,,,ZAGG_IHGREEN,0
ZAGG_IHGV,0,,,ZAGG_IHGV,0
ZAGG_IHH,0,,,ZAGG_IHH,0
ZAGG_IHHI,0,,,ZAGG_IHHI,0
ZAGG_IHHS,0,,,ZAGG_IHHS,0
ZAGG_IHIGHSCL,0,,,ZAGG_IHIGHSCL,0
ZAGG_IHKN,0,,,ZAGG_IHKN,0
ZAGG_IHLO,0,,,ZAGG_IHLO,0
ZAGG_IHNETWRK,0,,,ZAGG_IHNETWRK,0
ZAGG_IHORSE,0,,,ZAGG_IHORSE,0
ZAGG_IHPH,0,,,ZAGG_IHPH,0
ZAGG_IHQU,0,,,ZAGG_IHQU,0
ZAGG_IHSCRAP,0,,,ZAGG_IHSCRAP,0
ZAGG_IHSE,0,,,ZAGG_IHSE,0
ZAGG_IHSPTWEL,0,,,ZAGG_IHSPTWEL,0
ZAGG_IHSW,0,,,ZAGG_IHSW,0
ZAGG_IHTH,0,,,ZAGG_IHTH,0
ZAGG_IHWI,0,,,ZAGG_IHWI,0
ZAGG_IHWO,0,,,ZAGG_IHWO,0
ZAGG_IIND,0,,,ZAGG_IIND,0
ZAGG_ILOR,0,,,ZAGG_ILOR,0
ZAGG_ILOR_0607,0,,,ZAGG_ILOR_0607,0
ZAGG_ILOR_0809,0,,,ZAGG_ILOR_0809,0
ZAGG_ILOR_1,0,,,ZAGG_ILOR_1,0
ZAGG_ILOR_1014,0,,,ZAGG_ILOR_1014,0
ZAGG_ILOR_15,0,,,ZAGG_ILOR_15,0
ZAGG_ILOR_2,0,,,ZAGG_ILOR_2,0
ZAGG_ILOR_3,0,,,ZAGG_ILOR_3,0
ZAGG_ILOR_4,0,,,ZAGG_ILOR_4,0
ZAGG_ILOR_5,0,,,ZAGG_ILOR_5,0
ZAGG_IMALT,0,,,ZAGG_IMALT,0
ZAGG_IMBBND,0,,,ZAGG_IMBBND,0
ZAGG_IMBM,0,,,ZAGG_IMBM,0
ZAGG_IMBO,0,,,ZAGG_IMBO,0
ZAGG_IMCH,0,,,ZAGG_IMCH,0
ZAGG_IMCL,0,,,ZAGG_IMCL,0
ZAGG_IMCO,0,,,ZAGG_IMCO,0
ZAGG_IMCS,0,,,ZAGG_IMCS,0
ZAGG_IMCU,0,,,ZAGG_IMCU,0
ZAGG_IMDV,0,,,ZAGG_IMDV,0
ZAGG_IMFO,0,,,ZAGG_IMFO,0
ZAGG_IMGI,0,,,ZAGG_IMGI,0
ZAGG_IMGO,0,,,ZAGG_IMGO,0
ZAGG_IMHO,0,,,ZAGG_IMHO,0
ZAGG_IMJA,0,,,ZAGG_IMJA,0
ZAGG_IMJE,0,,,ZAGG_IMJE,0
ZAGG_IMMA,0,,,ZAGG_IMMA,0
ZAGG_IMOR,0,,,ZAGG_IMOR,0
ZAGG_IMOT,0,,,ZAGG_IMOT,0
ZAGG_IMPS,0,,,ZAGG_IMPS,0
ZAGG_IMRH,0,,,ZAGG_IMRH,0
ZAGG_IMRO,0,,,ZAGG_IMRO,0
ZAGG_IMSO,0,,,ZAGG_IMSO,0
ZAGG_IN401K,0,,,ZAGG_IN401K,0
ZAGG_INCD,0,,,ZAGG_INCD,0
ZAGG_INIRA,0,,,ZAGG_INIRA,0
ZAGG_INLI,0,,,ZAGG_INLI,0
ZAGG_INMEDI,0,,,ZAGG_INMEDI,0
ZAGG_INMU,0,,,ZAGG_INMU,0
ZAGG_INNOMEDI,0,,,ZAGG_INNOMEDI,0
ZAGG_INOT,0,,,ZAGG_INOT,0
ZAGG_INRE,0,,,ZAGG_INRE,0
ZAGG_INSB,0,,,ZAGG_INSB,0
ZAGG_INSHOP,0,,,ZAGG_INSHOP,0
ZAGG_INTSTMED,0,,,ZAGG_INTSTMED,0
ZAGG_INVE,0,,,ZAGG_INVE,0
ZAGG_IOAPPLE,0,,,ZAGG_IOAPPLE,0
ZAGG_IOATV,0,,,ZAGG_IOATV,0
ZAGG_IOCABLE,0,,,ZAGG_IOCABLE,0
ZAGG_IOCD,0,,,ZAGG_IOCD,0
ZAGG_IOCE,0,,,ZAGG_IOCE,0
ZAGG_IODIGITL,0,,,ZAGG_IODIGITL,0
ZAGG_IODOCTOR,0,,,ZAGG_IODOCTOR,0
ZAGG_IODVDPLR,0,,,ZAGG_IODVDPLR,0
ZAGG_IODVR,0,,,ZAGG_IODVR,0
ZAGG_IOELEOT,0,,,ZAGG_IOELEOT,0
ZAGG_IOFULL,0,,,ZAGG_IOFULL,0
ZAGG_IOGPS,0,,,ZAGG_IOGPS,0
ZAGG_IOHDTV,0,,,ZAGG_IOHDTV,0
ZAGG_IOHISPED,0,,,ZAGG_IOHISPED,0
ZAGG_IOHMTHR,0,,,ZAGG_IOHMTHR,0
ZAGG_IOHO,0,,,ZAGG_IOHO,0
ZAGG_IOLA,0,,,ZAGG_IOLA,0
ZAGG_IOLP,0,,,ZAGG_IOLP,0
ZAGG_IOMA,0,,,ZAGG_IOMA,0
ZAGG_IOMG,0,,,ZAGG_IOMG,0
ZAGG_IOMO,0,,,ZAGG_IOMO,0
ZAGG_IONURSE,0,,,ZAGG_IONURSE,0
ZAGG_IOOW,0,,,ZAGG_IOOW,0
ZAGG_IOPART,0,,,ZAGG_IOPART,0
ZAGG_IOPT,0,,,ZAGG_IOPT,0
ZAGG_IORE,0,,,ZAGG_IORE,0
ZAGG_IORV,0,,,ZAGG_IORV,0
ZAGG_IOR_0,0,,,ZAGG_IOR_0,0
ZAGG_IOR_1,0,,,ZAGG_IOR_1,0
ZAGG_IOR_2,0,,,ZAGG_IOR_2,0
ZAGG_IOR_3,0,,,ZAGG_IOR_3,0
ZAGG_IOR_4,0,,,ZAGG_IOR_4,0
ZAGG_IOR_5,0,,,ZAGG_IOR_5,0
ZAGG_IOR_6,0,,,ZAGG_IOR_6,0
ZAGG_IOSA,0,,,ZAGG_IOSA,0
ZAGG_IOSATELL,0,,,ZAGG_IOSATELL,0
ZAGG_IOSATRAD,0,,,ZAGG_IOSATRAD,0
ZAGG_IOSE,0,,,ZAGG_IOSE,0
ZAGG_IOSMART,0,,,ZAGG_IOSMART,0
ZAGG_IOST,0,,,ZAGG_IOST,0
ZAGG_IOSW,0,,,ZAGG_IOSW,0
ZAGG_IOTEACHR,0,,,ZAGG_IOTEACHR,0
ZAGG_IOTR,0,,,ZAGG_IOTR,0
ZAGG_IOVIDGAM,0,,,ZAGG_IOVIDGAM,0
ZAGG_IPAE,0,,,ZAGG_IPAE,0
ZAGG_IPBEAUTY,0,,,ZAGG_IPBEAUTY,0
ZAGG_IPCLUB,0,,,ZAGG_IPCLUB,0
ZAGG_IPCOUPON,0,,,ZAGG_IPCOUPON,0
ZAGG_IPDECOR,0,,,ZAGG_IPDECOR,0
ZAGG_IPDI,0,,,ZAGG_IPDI,0
ZAGG_IPFFOOD,0,,,ZAGG_IPFFOOD,0
ZAGG_IPOT,0,,,ZAGG_IPOT,0
ZAGG_IPSPCBTY,0,,,ZAGG_IPSPCBTY,0
ZAGG_IPSR,0,,,ZAGG_IPSR,0
ZAGG_IPVM,0,,,ZAGG_IPVM,0
ZAGG_IRAE,0,,,ZAGG_IRAE,0
ZAGG_IRAS,0,,,ZAGG_IRAS,0
ZAGG_IRBEST,0,,,ZAGG_IRBEST,0
ZAGG_IRBF,0,,,ZAGG_IRBF,0
ZAGG_IRBI,0,,,ZAGG_IRBI,0
ZAGG_IRBKCLUB,0,,,ZAGG_IRBKCLUB,0
ZAGG_IRBT,0,,,ZAGG_IRBT,0
ZAGG_IRCH,0,,,ZAGG_IRCH,0
ZAGG_IRCK,0,,,ZAGG_IRCK,0
ZAGG_IRCL,0,,,ZAGG_IRCL,0
ZAGG_IRCO,0,,,ZAGG_IRCO,0
ZAGG_IRCOMICS,0,,,ZAGG_IRCOMICS,0
ZAGG_IRDEBIT,0,,,ZAGG_IRDEBIT,0
ZAGG_IRDI,0,,,ZAGG_IRDI,0
ZAGG_IREA,0,,,ZAGG_IREA,0
ZAGG_IRFA,0,,,ZAGG_IRFA,0
ZAGG_IRFINAN,0,,,ZAGG_IRFINAN,0
ZAGG_IRHI,0,,,ZAGG_IRHI,0
ZAGG_IRHMGRDN,0,,,ZAGG_IRHMGRDN,0
ZAGG_IRIN,0,,,ZAGG_IRIN,0
ZAGG_IRMAGAZN,0,,,ZAGG_IRMAGAZN,0
ZAGG_IRME,0,,,ZAGG_IRME,0
ZAGG_IRMI,0,,,ZAGG_IRMI,0
ZAGG_IRMY,0,,,ZAGG_IRMY,0
ZAGG_IRNA,0,,,ZAGG_IRNA,0
ZAGG_IROT,0,,,ZAGG_IROT,0
ZAGG_IRPE,0,,,ZAGG_IRPE,0
ZAGG_IRRO,0,,,ZAGG_IRRO,0
ZAGG_IRSELF,0,,,ZAGG_IRSELF,0
ZAGG_IRSF,0,,,ZAGG_IRSF,0
ZAGG_IRSP,0,,,ZAGG_IRSP,0
ZAGG_IRSR,0,,,ZAGG_IRSR,0
ZAGG_IRST,0,,,ZAGG_IRST,0
ZAGG_IRTHRLL,0,,,ZAGG_IRTHRLL,0
ZAGG_IRTRLENT,0,,,ZAGG_IRTRLENT,0
ZAGG_IRVM,0,,,ZAGG_IRVM,0
ZAGG_IRWO,0,,,ZAGG_IRWO,0
ZAGG_ISBB,0,,,ZAGG_ISBB,0
ZAGG_ISBK,0,,,ZAGG_ISBK,0
ZAGG_ISBO,0,,,ZAGG_ISBO,0
ZAGG_ISBY,0,,,ZAGG_ISBY,0
ZAGG_ISCA,0,,,ZAGG_ISCA,0
ZAGG_ISEXTREM,0,,,ZAGG_ISEXTREM,0
ZAGG_ISFI,0,,,ZAGG_ISFI,0
ZAGG_ISFO,0,,,ZAGG_ISFO,0
ZAGG_ISFS,0,,,ZAGG_ISFS,0
ZAGG_ISGO,0,,,ZAGG_ISGO,0
ZAGG_ISHO,0,,,ZAGG_ISHO,0
ZAGG_ISHU,0,,,ZAGG_ISHU,0
ZAGG_ISHUM,0,,,ZAGG_ISHUM,0
ZAGG_ISMTRCRS,0,,,ZAGG_ISMTRCRS,0
ZAGG_ISNA,0,,,ZAGG_ISNA,0
ZAGG_ISOT,0,,,ZAGG_ISOT,0
ZAGG_ISPO,0,,,ZAGG_ISPO,0
ZAGG_ISROLLER,0,,,ZAGG_ISROLLER,0
ZAGG_ISRU,0,,,ZAGG_ISRU,0
ZAGG_ISSC,0,,,ZAGG_ISSC,0
ZAGG_ISSKATE,0,,,ZAGG_ISSKATE,0
ZAGG_ISSN,0,,,ZAGG_ISSN,0
ZAGG_ISSNWBRD,0,,,ZAGG_ISSNWBRD,0
ZAGG_ISTE,0,,,ZAGG_ISTE,0
ZAGG_ISWA,0,,,ZAGG_ISWA,0
ZAGG_ISWL,0,,,ZAGG_ISWL,0
ZAGG_ITBI,0,,,ZAGG_ITBI,0
ZAGG_ITBU,0,,,ZAGG_ITBU,0
ZAGG_ITCV,0,,,ZAGG_ITCV,0
ZAGG_ITFF,0,,,ZAGG_ITFF,0
ZAGG_ITFV,0,,,ZAGG_ITFV,0
ZAGG_ITPI,0,,,ZAGG_ITPI,0
ZAGG_ITPU,0,,,ZAGG_ITPU,0
ZAGG_ITRV,0,,,ZAGG_ITRV,0
ZAGG_ITTIME,0,,,ZAGG_ITTIME,0
ZAGG_IVCR,0,,,ZAGG_IVCR,0
ZAGG_IVET,0,,,ZAGG_IVET,0
ZAGG_IVPARKS,0,,,ZAGG_IVPARKS,0
ZAGG_KID,0,,,ZAGG_KID,0
ZAGG_KID1,0,,,ZAGG_KID1,0
ZAGG_KID2,0,,,ZAGG_KID2,0
ZAGG_KID3,0,,,ZAGG_KID3,0
ZAGG_KID4,0,,,ZAGG_KID4,0
ZAGG_KID5,0,,,ZAGG_KID5,0
ZAGG_LOWD,0,,,ZAGG_LOWD,0
ZAGG_MEDSUP,0,,,ZAGG_MEDSUP,0
ZAGG_MEDSUP_0,0,,,ZAGG_MEDSUP_0,0
ZAGG_MEDSUP_1,0,,,ZAGG_MEDSUP_1,0
ZAGG_MEDSUP_2,0,,,ZAGG_MEDSUP_2,0
ZAGG_MEDSUP_3,0,,,ZAGG_MEDSUP_3,0
ZAGG_MEDSUP_4,0,,,ZAGG_MEDSUP_4,0
ZAGG_MEDSUP_5,0,,,ZAGG_MEDSUP_5,0
ZAGG_MEDSUP_6,0,,,ZAGG_MEDSUP_6,0
ZAGG_MEDSUP_7,0,,,ZAGG_MEDSUP_7,0
ZAGG_MEDSUP_8,0,,,ZAGG_MEDSUP_8,0
ZAGG_MEDSUP_9,0,,,ZAGG_MEDSUP_9,0
ZAGG_MEMW,0,,,ZAGG_MEMW,0
ZAGG_MISC,0,,,ZAGG_MISC,0
ZAGG_MOBPLUS_M,0,,,ZAGG_MOBPLUS_M,0
ZAGG_MOBPLUS_P,0,,,ZAGG_MOBPLUS_P,0
ZAGG_MOBPLUS_Y,0,,,ZAGG_MOBPLUS_Y,0
ZAGG_MORI,0,,,ZAGG_MORI,0
ZAGG_MR_M,0,,,ZAGG_MR_M,0
ZAGG_MR_Y,0,,,ZAGG_MR_Y,0
ZAGG_MSR,0,,,ZAGG_MSR,0
ZAGG_N2NCY_A,0,,,ZAGG_N2NCY_A,0
ZAGG_N2NCY_B,0,,,ZAGG_N2NCY_B,0
ZAGG_N2NCY_C,0,,,ZAGG_N2NCY_C,0
ZAGG_N2NCY_D,0,,,ZAGG_N2NCY_D,0
ZAGG_NAH19,0,,,ZAGG_NAH19,0
ZAGG_NETW30_0000,0,,,ZAGG_NETW30_0000,0
ZAGG_NETW30_0003,0,,,ZAGG_NETW30_0003,0
ZAGG_NETW30_0019,0,,,ZAGG_NETW30_0019,0
ZAGG_NETW30_0037,0,,,ZAGG_NETW30_0037,0
ZAGG_NETW30_0062,0,,,ZAGG_NETW30_0062,0
ZAGG_NETW30_0087,0,,,ZAGG_NETW30_0087,0
ZAGG_NETW30_0125,0,,,ZAGG_NETW30_0125,0
ZAGG_NETW30_0200,0,,,ZAGG_NETW30_0200,0
ZAGG_NETW30_0312,0,,,ZAGG_NETW30_0312,0
ZAGG_NETW30_0437,0,,,ZAGG_NETW30_0437,0
ZAGG_NETW30_0625,0,,,ZAGG_NETW30_0625,0
ZAGG_NETW30_0875,0,,,ZAGG_NETW30_0875,0
ZAGG_NETW30_1000,0,,,ZAGG_NETW30_1000,0
ZAGG_NETW30__AVE_A_,0,,,ZAGG_NETW30__AVE_A_,0
ZAGG_NOC19,0,,,ZAGG_NOC19,0
ZAGG_NOC19_0,0,,,ZAGG_NOC19_0,0
ZAGG_NOC19_1,0,,,ZAGG_NOC19_1,0
ZAGG_NOC19_2,0,,,ZAGG_NOC19_2,0
ZAGG_NOC19_3,0,,,ZAGG_NOC19_3,0
ZAGG_NOC19_4,0,,,ZAGG_NOC19_4,0
ZAGG_NPH19,0,,,ZAGG_NPH19,0
ZAGG_OABIGTLL,0,,,ZAGG_OABIGTLL,0
ZAGG_OACHILD,0,,,ZAGG_OACHILD,0
ZAGG_OAGEN,0,,,ZAGG_OAGEN,0
ZAGG_OAMEN,0,,,ZAGG_OAMEN,0
ZAGG_OANOGEN,0,,,ZAGG_OANOGEN,0
ZAGG_OAPETITE,0,,,ZAGG_OAPETITE,0
ZAGG_OAPLUS,0,,,ZAGG_OAPLUS,0
ZAGG_OARTS,0,,,ZAGG_OARTS,0
ZAGG_OATEEN,0,,,ZAGG_OATEEN,0
ZAGG_OAUTO,0,,,ZAGG_OAUTO,0
ZAGG_OAWOMEN,0,,,ZAGG_OAWOMEN,0
ZAGG_OBEAUTY,0,,,ZAGG_OBEAUTY,0
ZAGG_OBOOKS,0,,,ZAGG_OBOOKS,0
ZAGG_OCHILDPR,0,,,ZAGG_OCHILDPR,0
ZAGG_OCOLLECT,0,,,ZAGG_OCOLLECT,0
ZAGG_OCOMPHMO,0,,,ZAGG_OCOMPHMO,0
ZAGG_OCRAFTS,0,,,ZAGG_OCRAFTS,0
ZAGG_OELECTNC,0,,,ZAGG_OELECTNC,0
ZAGG_OFOOD,0,,,ZAGG_OFOOD,0
ZAGG_OFURNITR,0,,,ZAGG_OFURNITR,0
ZAGG_OGARDEN,0,,,ZAGG_OGARDEN,0
ZAGG_OGEN,0,,,ZAGG_OGEN,0
ZAGG_OGIFT,0,,,ZAGG_OGIFT,0
ZAGG_OHEALTH,0,,,ZAGG_OHEALTH,0
ZAGG_OHMCARE,0,,,ZAGG_OHMCARE,0
ZAGG_OHMFURN,0,,,ZAGG_OHMFURN,0
ZAGG_OHOLIDAY,0,,,ZAGG_OHOLIDAY,0
ZAGG_OHSWARE,0,,,ZAGG_OHSWARE,0
ZAGG_OILC,0,,,ZAGG_OILC,0
ZAGG_OJEWELRY,0,,,ZAGG_OJEWELRY,0
ZAGG_OLINENS,0,,,ZAGG_OLINENS,0
ZAGG_OMUSIC,0,,,ZAGG_OMUSIC,0
ZAGG_ONOVEL,0,,,ZAGG_ONOVEL,0
ZAGG_OOTHER,0,,,ZAGG_OOTHER,0
ZAGG_OPERCARE,0,,,ZAGG_OPERCARE,0
ZAGG_OPETS,0,,,ZAGG_OPETS,0
ZAGG_OPHOTO,0,,,ZAGG_OPHOTO,0
ZAGG_OSPECFD,0,,,ZAGG_OSPECFD,0
ZAGG_OSPECGFT,0,,,ZAGG_OSPECGFT,0
ZAGG_OSPORTS,0,,,ZAGG_OSPORTS,0
ZAGG_OSTATION,0,,,ZAGG_OSTATION,0
ZAGG_OTRAVEL,0,,,ZAGG_OTRAVEL,0
ZAGG_OVIDDVD,0,,,ZAGG_OVIDDVD,0
ZAGG_PACNE,0,,,ZAGG_PACNE,0
ZAGG_PADHDADD,0,,,ZAGG_PADHDADD,0
ZAGG_PADHDADM,0,,,ZAGG_PADHDADM,0
ZAGG_PALLERG,0,,,ZAGG_PALLERG,0
ZAGG_PALLERGY,0,,,ZAGG_PALLERGY,0
ZAGG_PALZHMR,0,,,ZAGG_PALZHMR,0
ZAGG_PANTIDEP,0,,,ZAGG_PANTIDEP,0
ZAGG_PANXIETY,0,,,ZAGG_PANXIETY,0
ZAGG_PARTHITS,0,,,ZAGG_PARTHITS,0
ZAGG_PARTHRTS,0,,,ZAGG_PARTHRTS,0
ZAGG_PARTRSCS,0,,,ZAGG_PARTRSCS,0
ZAGG_PASTHMA,0,,,ZAGG_PASTHMA,0
ZAGG_PASTHMAM,0,,,ZAGG_PASTHMAM,0
ZAGG_PATHFOOT,0,,,ZAGG_PATHFOOT,0
ZAGG_PBACKPN,0,,,ZAGG_PBACKPN,0
ZAGG_PBED,0,,,ZAGG_PBED,0
ZAGG_PBIPMEDS,0,,,ZAGG_PBIPMEDS,0
ZAGG_PBIPOLAR,0,,,ZAGG_PBIPOLAR,0
ZAGG_PBLADDER,0,,,ZAGG_PBLADDER,0
ZAGG_PBLOOD,0,,,ZAGG_PBLOOD,0
ZAGG_PBRONCH,0,,,ZAGG_PBRONCH,0
ZAGG_PBRSTCAN,0,,,ZAGG_PBRSTCAN,0
ZAGG_PCANCER,0,,,ZAGG_PCANCER,0
ZAGG_PCARPAL,0,,,ZAGG_PCARPAL,0
ZAGG_PCHODIET,0,,,ZAGG_PCHODIET,0
ZAGG_PCHOLMED,0,,,ZAGG_PCHOLMED,0
ZAGG_PCHRNCPN,0,,,ZAGG_PCHRNCPN,0
ZAGG_PCLDSORE,0,,,ZAGG_PCLDSORE,0
ZAGG_PCOLITIS,0,,,ZAGG_PCOLITIS,0
ZAGG_PCOLON,0,,,ZAGG_PCOLON,0
ZAGG_PCONSTIP,0,,,ZAGG_PCONSTIP,0
ZAGG_PCOPD,0,,,ZAGG_PCOPD,0
ZAGG_PCORRECT,0,,,ZAGG_PCORRECT,0
ZAGG_PCROHNS,0,,,ZAGG_PCROHNS,0
ZAGG_PDANDRUF,0,,,ZAGG_PDANDRUF,0
ZAGG_PDENTURE,0,,,ZAGG_PDENTURE,0
ZAGG_PDEPRESS,0,,,ZAGG_PDEPRESS,0
ZAGG_PDETROL,0,,,ZAGG_PDETROL,0
ZAGG_PDIABETE,0,,,ZAGG_PDIABETE,0
ZAGG_PDIADIET,0,,,ZAGG_PDIADIET,0
ZAGG_PDIAINSU,0,,,ZAGG_PDIAINSU,0
ZAGG_PDIAORAL,0,,,ZAGG_PDIAORAL,0
ZAGG_PDIAOTHR,0,,,ZAGG_PDIAOTHR,0
ZAGG_PDIATYP1,0,,,ZAGG_PDIATYP1,0
ZAGG_PDIATYP2,0,,,ZAGG_PDIATYP2,0
ZAGG_PDNT,0,,,ZAGG_PDNT,0
ZAGG_PDRY,0,,,ZAGG_PDRY,0
ZAGG_PECZEMA,0,,,ZAGG_PECZEMA,0
ZAGG_PEMPHYSM,0,,,ZAGG_PEMPHYSM,0
ZAGG_PEPIL,0,,,ZAGG_PEPIL,0
ZAGG_PFALLERG,0,,,ZAGG_PFALLERG,0
ZAGG_PGAS,0,,,ZAGG_PGAS,0
ZAGG_PGASTRIT,0,,,ZAGG_PGASTRIT,0
ZAGG_PGERDACD,0,,,ZAGG_PGERDACD,0
ZAGG_PGINGIVT,0,,,ZAGG_PGINGIVT,0
ZAGG_PGLCOPHG,0,,,ZAGG_PGLCOPHG,0
ZAGG_PHAIRLSS,0,,,ZAGG_PHAIRLSS,0
ZAGG_PHANDICP,0,,,ZAGG_PHANDICP,0
ZAGG_PHBPMED,0,,,ZAGG_PHBPMED,0
ZAGG_PHEARING,0,,,ZAGG_PHEARING,0
ZAGG_PHEARTAT,0,,,ZAGG_PHEARTAT,0
ZAGG_PHEARTRX,0,,,ZAGG_PHEARTRX,0
ZAGG_PHEM,0,,,ZAGG_PHEM,0
ZAGG_PHEMORR,0,,,ZAGG_PHEMORR,0
ZAGG_PHGBLPRS,0,,,ZAGG_PHGBLPRS,0
ZAGG_PHGCHOLS,0,,,ZAGG_PHGCHOLS,0
ZAGG_PHOFFERS,0,,,ZAGG_PHOFFERS,0
ZAGG_PHORM,0,,,ZAGG_PHORM,0
ZAGG_PHRL,0,,,ZAGG_PHRL,0
ZAGG_PHRTACID,0,,,ZAGG_PHRTACID,0
ZAGG_PHRTMEDS,0,,,ZAGG_PHRTMEDS,0
ZAGG_PIBS,0,,,ZAGG_PIBS,0
ZAGG_PILOTS,0,,,ZAGG_PILOTS,0
ZAGG_PIMITREX,0,,,ZAGG_PIMITREX,0
ZAGG_PIMPOTNC,0,,,ZAGG_PIMPOTNC,0
ZAGG_PINSOMNA,0,,,ZAGG_PINSOMNA,0
ZAGG_PJTPAIN,0,,,ZAGG_PJTPAIN,0
ZAGG_PKID,0,,,ZAGG_PKID,0
ZAGG_PLAC,0,,,ZAGG_PLAC,0
ZAGG_PLASERVC,0,,,ZAGG_PLASERVC,0
ZAGG_PLIPITOR,0,,,ZAGG_PLIPITOR,0
ZAGG_PMENOPS,0,,,ZAGG_PMENOPS,0
ZAGG_PMENSTRL,0,,,ZAGG_PMENSTRL,0
ZAGG_PMIGRHED,0,,,ZAGG_PMIGRHED,0
ZAGG_PMONITOR,0,,,ZAGG_PMONITOR,0
ZAGG_PMULTSCL,0,,,ZAGG_PMULTSCL,0
ZAGG_PNAILFUN,0,,,ZAGG_PNAILFUN,0
ZAGG_PNLFUNGS,0,,,ZAGG_PNLFUNGS,0
ZAGG_PNSLALRG,0,,,ZAGG_PNSLALRG,0
ZAGG_POBESITM,0,,,ZAGG_POBESITM,0
ZAGG_POBESITY,0,,,ZAGG_POBESITY,0
ZAGG_POC19_P,0,,,ZAGG_POC19_P,0
ZAGG_POC19_Y,0,,,ZAGG_POC19_Y,0
ZAGG_POEP,0,,,ZAGG_POEP,0
ZAGG_PORALINJ,0,,,ZAGG_PORALINJ,0
ZAGG_POSTEOA,0,,,ZAGG_POSTEOA,0
ZAGG_POSTEOP,0,,,ZAGG_POSTEOP,0
ZAGG_POSTMEDS,0,,,ZAGG_POSTMEDS,0
ZAGG_PPAIN,0,,,ZAGG_PPAIN,0
ZAGG_PPRESENT,0,,,ZAGG_PPRESENT,0
ZAGG_PPRK,0,,,ZAGG_PPRK,0
ZAGG_PPROSCAN,0,,,ZAGG_PPROSCAN,0
ZAGG_PPROSTAT,0,,,ZAGG_PPROSTAT,0
ZAGG_PPSORIAS,0,,,ZAGG_PPSORIAS,0
ZAGG_PREMARN,0,,,ZAGG_PREMARN,0
ZAGG_PRESCA,0,,,ZAGG_PRESCA,0
ZAGG_PRESHI,0,,,ZAGG_PRESHI,0
ZAGG_PRESMI,0,,,ZAGG_PRESMI,0
ZAGG_PRESRI,0,,,ZAGG_PRESRI,0
ZAGG_PRESSURV,0,,,ZAGG_PRESSURV,0
ZAGG_PRESTI,0,,,ZAGG_PRESTI,0
ZAGG_PRHEUMTS,0,,,ZAGG_PRHEUMTS,0
ZAGG_PRTY_D,0,,,ZAGG_PRTY_D,0
ZAGG_PRTY_I,0,,,ZAGG_PRTY_I,0
ZAGG_PRTY_R,0,,,ZAGG_PRTY_R,0
ZAGG_PSCAR,0,,,ZAGG_PSCAR,0
ZAGG_PSINUSIT,0,,,ZAGG_PSINUSIT,0
ZAGG_PSIR,0,,,ZAGG_PSIR,0
ZAGG_PSKINMED,0,,,ZAGG_PSKINMED,0
ZAGG_PSLPMEDS,0,,,ZAGG_PSLPMEDS,0
ZAGG_PSNORING,0,,,ZAGG_PSNORING,0
ZAGG_PSPINAL,0,,,ZAGG_PSPINAL,0
ZAGG_PTRIAL,0,,,ZAGG_PTRIAL,0
ZAGG_PUBH,0,,,ZAGG_PUBH,0
ZAGG_PULCER,0,,,ZAGG_PULCER,0
ZAGG_PVIAGRA,0,,,ZAGG_PVIAGRA,0
ZAGG_PVIS,0,,,ZAGG_PVIS,0
ZAGG_PVITSUPP,0,,,ZAGG_PVITSUPP,0
ZAGG_PWEIGHT,0,,,ZAGG_PWEIGHT,0
ZAGG_PWHEELCH,0,,,ZAGG_PWHEELCH,0
ZAGG_QHH,0,,,ZAGG_QHH,0
ZAGG_QIND,0,,,ZAGG_QIND,0
ZAGG_RABIGTLL,0,,,ZAGG_RABIGTLL,0
ZAGG_RACHILD,0,,,ZAGG_RACHILD,0
ZAGG_RAGEN,0,,,ZAGG_RAGEN,0
ZAGG_RAMEN,0,,,ZAGG_RAMEN,0
ZAGG_RANOGEN,0,,,ZAGG_RANOGEN,0
ZAGG_RAPETITE,0,,,ZAGG_RAPETITE,0
ZAGG_RAPLUS,0,,,ZAGG_RAPLUS,0
ZAGG_RARTS,0,,,ZAGG_RARTS,0
ZAGG_RATEEN,0,,,ZAGG_RATEEN,0
ZAGG_RAUTO,0,,,ZAGG_RAUTO,0
ZAGG_RAWOMEN,0,,,ZAGG_RAWOMEN,0
ZAGG_RBEAUTY,0,,,ZAGG_RBEAUTY,0
ZAGG_RBOOKS,0,,,ZAGG_RBOOKS,0
ZAGG_RCHILDPR,0,,,ZAGG_RCHILDPR,0
ZAGG_RCOLLECT,0,,,ZAGG_RCOLLECT,0
ZAGG_RCOMPHMO,0,,,ZAGG_RCOMPHMO,0
ZAGG_RCRAFTS,0,,,ZAGG_RCRAFTS,0
ZAGG_RC_M,0,,,ZAGG_RC_M,0
ZAGG_RC_Y,0,,,ZAGG_RC_Y,0
ZAGG_RDOLLARS,0,,,ZAGG_RDOLLARS,0
ZAGG_RELECTNC,0,,,ZAGG_RELECTNC,0
ZAGG_RETAIL,0,,,ZAGG_RETAIL,0
ZAGG_RFOOD,0,,,ZAGG_RFOOD,0
ZAGG_RFURNITR,0,,,ZAGG_RFURNITR,0
ZAGG_RGARDEN,0,,,ZAGG_RGARDEN,0
ZAGG_RGEN,0,,,ZAGG_RGEN,0
ZAGG_RGIFT,0,,,ZAGG_RGIFT,0
ZAGG_RHEALTH,0,,,ZAGG_RHEALTH,0
ZAGG_RHMCARE,0,,,ZAGG_RHMCARE,0
ZAGG_RHMFURN,0,,,ZAGG_RHMFURN,0
ZAGG_RHOLIDAY,0,,,ZAGG_RHOLIDAY,0
ZAGG_RHSWARE,0,,,ZAGG_RHSWARE,0
ZAGG_RJEWELRY,0,,,ZAGG_RJEWELRY,0
ZAGG_RLINENS,0,,,ZAGG_RLINENS,0
ZAGG_RMUSIC,0,,,ZAGG_RMUSIC,0
ZAGG_RNOVEL,0,,,ZAGG_RNOVEL,0
ZAGG_RORDERS,0,,,ZAGG_RORDERS,0
ZAGG_ROTHER,0,,,ZAGG_ROTHER,0
ZAGG_RPERCARE,0,,,ZAGG_RPERCARE,0
ZAGG_RPETS,0,,,ZAGG_RPETS,0
ZAGG_RPHOTO,0,,,ZAGG_RPHOTO,0
ZAGG_RSPECFD,0,,,ZAGG_RSPECFD,0
ZAGG_RSPECGFT,0,,,ZAGG_RSPECGFT,0
ZAGG_RSPORTS,0,,,ZAGG_RSPORTS,0
ZAGG_RSTATION,0,,,ZAGG_RSTATION,0
ZAGG_RTRAVEL,0,,,ZAGG_RTRAVEL,0
ZAGG_RVIDDVD,0,,,ZAGG_RVIDDVD,0
ZAGG_SGDI,0,,,ZAGG_SGDI,0
ZAGG_SGFA,0,,,ZAGG_SGFA,0
ZAGG_SGHL,0,,,ZAGG_SGHL,0
ZAGG_SGLL,0,,,ZAGG_SGLL,0
ZAGG_SGOE,0,,,ZAGG_SGOE,0
ZAGG_SGPA,0,,,ZAGG_SGPA,0
ZAGG_SGSE,0,,,ZAGG_SGSE,0
ZAGG_SGTC,0,,,ZAGG_SGTC,0
ZAGG_SGUP,0,,,ZAGG_SGUP,0
ZAGG_SNOW,0,,,ZAGG_SNOW,0
ZAGG_SOHOHH,0,,,ZAGG_SOHOHH,0
ZAGG_SOHOIN,0,,,ZAGG_SOHOIN,0
ZAGG_SPEA,0,,,ZAGG_SPEA,0
ZAGG_SPEC,0,,,ZAGG_SPEC,0
ZAGG_SPENDPAT_00,0,,,ZAGG_SPENDPAT_00,0
ZAGG_SPENDPAT_01,0,,,ZAGG_SPENDPAT_01,0
ZAGG_SPENDPAT_02,0,,,ZAGG_SPENDPAT_02,0
ZAGG_SPENDPAT_03,0,,,ZAGG_SPENDPAT_03,0
ZAGG_SPENDPAT_04,0,,,ZAGG_SPENDPAT_04,0
ZAGG_SPENDPAT_05,0,,,ZAGG_SPENDPAT_05,0
ZAGG_SPENDPAT_06,0,,,ZAGG_SPENDPAT_06,0
ZAGG_SPENDPAT_07,0,,,ZAGG_SPENDPAT_07,0
ZAGG_SPENDPAT_08,0,,,ZAGG_SPENDPAT_08,0
ZAGG_SPENDPAT_09,0,,,ZAGG_SPENDPAT_09,0
ZAGG_SPENDPAT_10,0,,,ZAGG_SPENDPAT_10,0
ZAGG_SPENDPAT_11,0,,,ZAGG_SPENDPAT_11,0
ZAGG_SPENDPAT_12,0,,,ZAGG_SPENDPAT_12,0
ZAGG_SPENDPAT_13,0,,,ZAGG_SPENDPAT_13,0
ZAGG_SPENDPAT_14,0,,,ZAGG_SPENDPAT_14,0
ZAGG_SPENDPAT_15,0,,,ZAGG_SPENDPAT_15,0
ZAGG_SPENDPAT_16,0,,,ZAGG_SPENDPAT_16,0
ZAGG_SPGD,0,,,ZAGG_SPGD,0
ZAGG_SRET,0,,,ZAGG_SRET,0
ZAGG_SSON,0,,,ZAGG_SSON,0
ZAGG_TINS,0,,,ZAGG_TINS,0
ZAGG_TRAD,0,,,ZAGG_TRAD,0
ZAGG_TRVL,0,,,ZAGG_TRVL,0
ZAGG_TUOC_A,0,,,ZAGG_TUOC_A,0
ZAGG_TUOC_B,0,,,ZAGG_TUOC_B,0
ZAGG_TUOC_C,0,,,ZAGG_TUOC_C,0
ZAGG_TUOC_D,0,,,ZAGG_TUOC_D,0
ZAGG_TUOC_E,0,,,ZAGG_TUOC_E,0
ZAGG_TUOC_F,0,,,ZAGG_TUOC_F,0
ZAGG_TUOC_G,0,,,ZAGG_TUOC_G,0
ZAGG_TUOC_H,0,,,ZAGG_TUOC_H,0
ZAGG_TUOC_I,0,,,ZAGG_TUOC_I,0
ZAGG_TUOC_J,0,,,ZAGG_TUOC_J,0
ZAGG_TUOC_K,0,,,ZAGG_TUOC_K,0
ZAGG_TUOC_L,0,,,ZAGG_TUOC_L,0
ZAGG_TUOC_M,0,,,ZAGG_TUOC_M,0
ZAGG_TUOC_N,0,,,ZAGG_TUOC_N,0
ZAGG_TUOC_O,0,,,ZAGG_TUOC_O,0
ZAGG_TUOC_P,0,,,ZAGG_TUOC_P,0
ZAGG_TUOC_Q,0,,,ZAGG_TUOC_Q,0
ZAGG_TUOC_R,0,,,ZAGG_TUOC_R,0
ZAGG_TUOC_S,0,,,ZAGG_TUOC_S,0
ZAGG_TUSR,0,,,ZAGG_TUSR,0
ZAGG_TVMA,0,,,ZAGG_TVMA,0
ZAGG_VAC,0,,,ZAGG_VAC,0
ZAGG_VETERAN,0,,,ZAGG_VETERAN,0
ZAGG_VOTE,0,,,ZAGG_VOTE,0
ZAGG_Z4HMVALU,0,,,ZAGG_Z4HMVALU,0
ZAGG_ZINCDEC,0,,,ZAGG_ZINCDEC,0
ZAGG_ZINCDEC_0,0,,,ZAGG_ZINCDEC_0,0
ZAGG_ZINCDEC_1,0,,,ZAGG_ZINCDEC_1,0
ZAGG_ZINCDEC_2,0,,,ZAGG_ZINCDEC_2,0
ZAGG_ZINCDEC_3,0,,,ZAGG_ZINCDEC_3,0
ZAGG_ZINCDEC_4,0,,,ZAGG_ZINCDEC_4,0
ZAGG_ZINCDEC_5,0,,,ZAGG_ZINCDEC_5,0
ZAGG_ZINCDEC_6,0,,,ZAGG_ZINCDEC_6,0
ZAGG_ZINCDEC_7,0,,,ZAGG_ZINCDEC_7,0
ZAGG_ZINCDEC_8,0,,,ZAGG_ZINCDEC_8,0
ZAGG_ZINCDEC_9,0,,,ZAGG_ZINCDEC_9,0
ZINCDEC,0,,,ZINCDEC,0
APT_A,0,,,APT_A,0
APT_B,0,,,APT_B,0
APT_C,0,,,APT_C,0
APT_M,0,,,APT_M,0
APT_N,0,,,APT_N,0
APT_P,0,,,APT_P,0
APT_S,0,,,APT_S,0
APT_T,0,,,APT_T,0
APT_W,0,,,APT_W,0
BC_M,0,,,BC_M,0
BC_U,0,,,BC_U,0
BC_Y,0,,,BC_Y,0
BIO_AFTER_5_COMPOUND,0,,,BIO_AFTER_5_COMPOUND,0
BIO_AFTER_NO_BIO,0,,,BIO_AFTER_SIMPLE,0
BIO_AFTER_SIMPLE,0,,,C210MYS_0,0
BIO_BEFORE_5_COMPOUND,0,,,C210MYS_1,0
BIO_BEFORE_5_SIMPLE,0,,,C210MYS_2,0
BIO_BEFORE_NO_BIO,0,,,C210MYS_3,0
C210MYS_0,0,,,C210MYS_4,0
C210MYS_1,0,,,C210MYS_5,0
C210MYS_2,0,,,C210MYS_6,0
C210MYS_3,0,,,C210MYS_7,0
C210MYS_4,0,,,C210MYS_8,0
C210MYS_5,0,,,CGN1_F,0
C210MYS_6,0,,,CGN1_M,0
C210MYS_7,0,,,DPVS_D,0
C210MYS_8,0,,,DPVS_N,0
CGN1_F,0,,,DPVS_S,0
CGN1_M,0,,,DPVS_Y,0
DPVS_D,0,,,FAMP_C,0
DPVS_N,0,,,FAMP_F,0
DPVS_S,0,,,FAMP_G,0
DPVS_Y,0,,,FAMP_H,0
FAMP_C,0,,,FAMP_M,0
FAMP_F,0,,,FAMP_O,0
FAMP_G,0,,,FAMP_P,0
FAMP_H,0,,,FAMP_W,0
FAMP_M,0,,,FREQ_AFTR_H,0
FAMP_O,0,,,FREQ_AFTR_M,0
FAMP_P,0,,,FREQ_AFTR_Q,0
FAMP_W,0,,,FREQ_AFTR_Y,0
FREQ_AFTR_H,0,,,FREQ_BFOR_H,0
FREQ_AFTR_Q,0,,,FREQ_BFOR_M,0
FREQ_BFOR_H,0,,,FREQ_BFOR_Q,0
FREQ_BFOR_Q,0,,,FREQ_BFOR_Y,0
GENDER_F,0,,,GENDER_F,0
GENDER_M,0,,,GENDER_M,0
HHCOMP_A,0,,,HHCOMP_A,0
HHCOMP_B,0,,,HHCOMP_B,0
HHCOMP_C,0,,,HHCOMP_C,0
HHCOMP_D,0,,,HHCOMP_D,0
HHCOMP_E,0,,,HHCOMP_E,0
HHCOMP_F,0,,,HHCOMP_F,0
HHCOMP_G,0,,,HHCOMP_G,0
HHCOMP_H,0,,,HHCOMP_H,0
HHCOMP_I,0,,,HHCOMP_I,0
HHCOMP_J,0,,,HHCOMP_J,0
HHCOMP_K,0,,,HHCOMP_K,0
HHCOMP_L,0,,,HHCOMP_L,0
HHCOMP_U,0,,,HHCOMP_U,0
HOMSTAT_P,0,,,HOMSTAT_P,0
HOMSTAT_R,0,,,HOMSTAT_R,0
HOMSTAT_T,0,,,HOMSTAT_T,0
HOMSTAT_U,0,,,HOMSTAT_U,0
HOMSTAT_Y,0,,,HOMSTAT_Y,0
IOR_0,0,,,IFA_GROUP_STATE_PROD_OTFA,0
IOR_1,0,,,IOR_0,0
IOR_2,0,,,IOR_1,0
IOR_3,0,,,IOR_2,0
IOR_4,0,,,IOR_3,0
IOR_5,0,,,IOR_4,0
IOR_6,0,,,IOR_5,0
MOBPLUS_M,0,,,IOR_6,0
MOBPLUS_P,0,,,MOBPLUS_M,0
MOBPLUS_U,0,,,MOBPLUS_P,0
MOBPLUS_Y,0,,,MOBPLUS_U,0
MR_M,0,,,MOBPLUS_Y,0
MR_U,0,,,MR_M,0
MR_Y,0,,,MR_U,0
N2ALV_0,0,,,MR_Y,0
N2ALV_B,0,,,N2ALV_0,0
N2ALV_T,0,,,N2ALV_B,0
N2ALV_Z,0,,,N2ALV_T,0
N2NCY_A,0,,,N2ALV_Z,0
N2NCY_B,0,,,N2NCY_A,0
N2NCY_C,0,,,N2NCY_B,0
N2NCY_D,0,,,N2NCY_C,0
ONLINE_1,0,,,N2NCY_D,0
ONLINE_10,0,,,ONLINE_1,0
ONLINE_11,0,,,ONLINE_10,0
ONLINE_12,0,,,ONLINE_11,0
ONLINE_13,0,,,ONLINE_12,0
ONLINE_14,0,,,ONLINE_13,0
ONLINE_15,0,,,ONLINE_14,0
ONLINE_16,0,,,ONLINE_15,0
ONLINE_17,0,,,ONLINE_16,0
ONLINE_18,0,,,ONLINE_17,0
ONLINE_19,0,,,ONLINE_18,0
ONLINE_2,0,,,ONLINE_19,0
ONLINE_20,0,,,ONLINE_2,0
ONLINE_21,0,,,ONLINE_20,0
ONLINE_22,0,,,ONLINE_21,0
ONLINE_23,0,,,ONLINE_22,0
ONLINE_24,0,,,ONLINE_23,0
ONLINE_25,0,,,ONLINE_24,0
ONLINE_26,0,,,ONLINE_25,0
ONLINE_27,0,,,ONLINE_26,0
ONLINE_28,0,,,ONLINE_27,0
ONLINE_29,0,,,ONLINE_28,0
ONLINE_3,0,,,ONLINE_29,0
ONLINE_30,0,,,ONLINE_3,0
ONLINE_31,0,,,ONLINE_30,0
ONLINE_32,0,,,ONLINE_31,0
ONLINE_33,0,,,ONLINE_32,0
ONLINE_34,0,,,ONLINE_33,0
ONLINE_35,0,,,ONLINE_34,0
ONLINE_36,0,,,ONLINE_35,0
ONLINE_37,0,,,ONLINE_36,0
ONLINE_38,0,,,ONLINE_37,0
ONLINE_39,0,,,ONLINE_38,0
ONLINE_4,0,,,ONLINE_39,0
ONLINE_40,0,,,ONLINE_4,0
ONLINE_41,0,,,ONLINE_40,0
ONLINE_42,0,,,ONLINE_41,0
ONLINE_43,0,,,ONLINE_42,0
ONLINE_44,0,,,ONLINE_43,0
ONLINE_45,0,,,ONLINE_44,0
ONLINE_5,0,,,ONLINE_45,0
ONLINE_6,0,,,ONLINE_5,0
ONLINE_7,0,,,ONLINE_6,0
ONLINE_8,0,,,ONLINE_7,0
ONLINE_9,0,,,ONLINE_8,0
PART_D,0,,,ONLINE_9,0
PART_I,0,,,PART_D,0
PART_R,0,,,PART_I,0
PAY_TERM_10,0,,,PART_R,0
PAY_TERM_65,0,,,PAY_TERM_10,0
PAY_TERM_L,0,,,PAY_TERM_65,0
POC19_P,0,,,PAY_TERM_L,0
POC19_U,0,,,POC19_P,0
POC19_Y,0,,,POC19_U,0
RC_M,0,,,POC19_Y,0
RC_U,0,,,RC_M,0
RC_Y,0,,,RC_U,0
STATE_AK,0,,,RC_Y,0
STATE_AL,0,,,STATE_AK,0
STATE_AR,0,,,STATE_AL,0
STATE_AZ,0,,,STATE_AR,0
STATE_CA,0,,,STATE_AZ,0
STATE_CO,0,,,STATE_CA,0
STATE_CT,0,,,STATE_CO,0
STATE_DC,0,,,STATE_CT,0
STATE_DE,0,,,STATE_DC,0
STATE_FL,0,,,STATE_DE,0
STATE_GA,0,,,STATE_FL,0
STATE_IA,0,,,STATE_GA,0
STATE_ID,0,,,STATE_IA,0
STATE_IL,0,,,STATE_ID,0
STATE_IN,0,,,STATE_IL,0
STATE_KS,0,,,STATE_IN,0
STATE_KY,0,,,STATE_KS,0
STATE_LA,0,,,STATE_KY,0
STATE_MD,0,,,STATE_LA,0
STATE_ME,0,,,STATE_MD,0
STATE_MI,0,,,STATE_ME,0
STATE_MN,0,,,STATE_MI,0
STATE_MO,0,,,STATE_MN,0
STATE_MS,0,,,STATE_MO,0
STATE_MT,0,,,STATE_MS,0
STATE_NC,0,,,STATE_MT,0
STATE_ND,0,,,STATE_NC,0
STATE_NE,0,,,STATE_ND,0
STATE_NJ,0,,,STATE_NE,0
STATE_NM,0,,,STATE_NJ,0
STATE_NV,0,,,STATE_NM,0
STATE_OH,0,,,STATE_NV,0
STATE_OK,0,,,STATE_OH,0
STATE_OR,0,,,STATE_OK,0
STATE_PA,0,,,STATE_OR,0
STATE_RI,0,,,STATE_PA,0
STATE_SC,0,,,STATE_RI,0
STATE_SD,0,,,STATE_SC,0
STATE_TN,0,,,STATE_SD,0
STATE_TX,0,,,STATE_TN,0
STATE_UT,0,,,STATE_UT,0
STATE_VA,0,,,STATE_VA,0
STATE_WA,0,,,STATE_WA,0
STATE_WI,0,,,STATE_WI,0
STATE_WV,0,,,STATE_WV,0
STATE_WY,0,,,STATE_WY,0
TUOCS_A,0,,,TUOCS_A,0
TUOCS_B,0,,,TUOCS_B,0
TUOCS_C,0,,,TUOCS_C,0
TUOCS_D,0,,,TUOCS_D,0
TUOCS_E,0,,,TUOCS_E,0
TUOCS_F,0,,,TUOCS_F,0
TUOCS_G,0,,,TUOCS_G,0
TUOCS_H,0,,,TUOCS_H,0
TUOCS_I,0,,,TUOCS_I,0
TUOCS_J,0,,,TUOCS_J,0
TUOCS_K,0,,,TUOCS_K,0
TUOCS_L,0,,,TUOCS_L,0
TUOCS_M,0,,,TUOCS_M,0
TUOCS_N,0,,,TUOCS_N,0
TUOCS_O,0,,,TUOCS_O,0
TUOCS_P,0,,,TUOCS_P,0
TUOCS_Q,0,,,TUOCS_Q,0
TUOC_A,0,,,TUOC_A,0
TUOC_B,0,,,TUOC_B,0
TUOC_C,0,,,TUOC_C,0
TUOC_D,0,,,TUOC_D,0
TUOC_E,0,,,TUOC_E,0
TUOC_F,0,,,TUOC_F,0
TUOC_G,0,,,TUOC_G,0
TUOC_H,0,,,TUOC_H,0
TUOC_I,0,,,TUOC_I,0
TUOC_J,0,,,TUOC_J,0
TUOC_K,0,,,TUOC_K,0
TUOC_L,0,,,TUOC_L,0
TUOC_M,0,,,TUOC_M,0
TUOC_N,0,,,TUOC_N,0
TUOC_O,0,,,TUOC_O,0
TUOC_Q,0,,,TUOC_Q,0
